tank,index,diet,temperature,weight (g),colour,spineloss,lesions,time,diam1,diam2,diam_ave
1,1,formulated,warm,14.5,,,,0,3.218876383,3.872504458,3.545690421
1,2,formulated,warm,20.1,red,,,0,4.143798997,4.413429753,4.278614375
1,3,formulated,warm,18.5,,,,0,3.363288912,3.405862189,3.38457555
1,4,formulated,warm,25.7,,,,0,4.087034627,3.618728576,3.852881601
1,5,formulated,warm,23.1,purple,,,0,4.312609723,4.681824002,4.497216862
1,6,formulated,warm,11.3,,,,0,2.806035109,3.161939726,2.983987418
1,7,formulated,warm,24.4,,,,0,3.86021192,4.133020159,3.99661604
1,8,formulated,warm,12.4,,,,0,3.022702693,3.12204034,3.072371516
1,9,formulated,warm,17,light purple,,,0,3.450223489,3.617232637,3.533728063
1,10,formulated,warm,8.6,,,,0,2.648416788,2.648416788,2.648416788
1,11,formulated,warm,33.1,,,,0,4.897489724,4.80776536,4.852627542
1,12,formulated,warm,14.6,purple,,,0,4.233235229,4.002649136,4.117942182
1,13,formulated,warm,15.5,,,,0,3.246784257,3.331644199,3.289214228
1,14,formulated,warm,22.3,,,,0,3.899175356,4.43092291,4.165049133
1,15,formulated,warm,6,,,,0,2.132078817,2.224575393,2.178327105
1,16,formulated,warm,6,purple,,,0,3.231030037,3.311917935,3.271473986
1,17,formulated,warm,23.4,,,,0,3.959314795,4.214754459,4.087034627
1,18,formulated,warm,16.2,light purple,,,0,3.363288912,3.349097819,3.356193366
1,19,formulated,warm,22,,,,0,3.452171015,3.555428045,3.50379953
2,1,mixed,warm,26.5,green red,,,0,4.424183332,4.494632111,4.459407722
2,2,mixed,warm,29.6,light purple,,,0,4.412979232,4.730702403,4.571840817
2,3,mixed,warm,24,,,,0,3.959829308,4.031424848,3.995627078
2,4,mixed,warm,18.2,,,,0,3.3815414,3.339272133,3.360406767
2,5,mixed,warm,7.3,,,,0,2.437527759,2.479797027,2.458662393
2,6,mixed,warm,21,light purple,,,0,3.446788866,3.806588163,3.626688515
2,7,mixed,warm,25.2,purple,,,0,4.560664834,5.071000801,4.815832818
2,8,mixed,warm,18.5,light purple,,,0,3.916470608,3.795273919,3.855872264
2,9,mixed,warm,24.1,light purple,,,0,4.005680662,4.202740589,4.104210626
2,10,mixed,warm,20.3,purple red,,,0,4.044109699,4.209920254,4.127014976
2,11,mixed,warm,20.2,,,,0,3.311841992,3.509056449,3.41044922
2,12,mixed,warm,20.4,purple,,,0,4.407937947,4.702185553,4.55506175
2,13,mixed,warm,17.2,,,,0,3.142015551,3.170195063,3.156105307
2,14,mixed,warm,23.7,red,,,0,4.067976287,4.18829694,4.128136614
2,15,mixed,warm,22.1,,,,0,3.872632893,3.859770252,3.866201572
2,16,mixed,warm,16.8,,,,0,3.099746284,3.423810668,3.261778476
2,17,mixed,warm,17.8,purple,,,0,3.150328882,3.305797234,3.228063058
2,18,mixed,warm,8.2,,,,0,2.19800191,2.324809713,2.261405812
2,19,mixed,warm,5.2,,,,0,1.972565817,2.141642887,2.057104352
3,1,formulated,ambient,18.2,,,,0,3.20372093,3.464186047,3.333953488
3,2,formulated,ambient,22.4,,,,0,3.313862063,3.380093156,3.34697761
3,3,formulated,ambient,22.5,green orange,,,0,3.347610111,3.50412715,3.425868631
3,4,formulated,ambient,12.3,purple,,,0,3.641904066,3.62928489,3.635594478
3,5,formulated,ambient,25.1,,,,0,3.269459776,3.387373622,3.328416699
3,6,formulated,ambient,13.6,,,,0,2.575116269,2.810912214,2.693014241
3,7,formulated,ambient,22.3,,,,0,3.060465116,3.490232558,3.275348837
3,8,formulated,ambient,11.9,purple,,,0,3.167798225,3.578967465,3.373382845
3,9,formulated,ambient,17.6,,,,0,2.669767442,2.891162791,2.780465116
3,10,formulated,ambient,20.3,,,,0,3.398608184,3.464687846,3.431648015
3,11,formulated,ambient,4.8,,,,0,1.758139535,1.784186047,1.771162791
3,12,formulated,ambient,17.6,green orange,,,0,2.943255814,2.865116279,2.904186047
3,13,formulated,ambient,15.6,,,,0,2.813023256,2.852093023,2.83255814
3,14,formulated,ambient,6.8,,,,0,1.994940057,2.153252687,2.074096372
3,15,formulated,ambient,30.4,purple,,,0,4.558139535,5.326511628,4.942325581
3,16,formulated,ambient,23.5,purple,,,0,4.371300967,4.537315222,4.454308095
3,17,formulated,ambient,28.9,orange,,,0,4.24348857,4.181950761,4.212719665
3,18,formulated,ambient,29.1,,,,0,3.48491351,3.595415265,3.540164387
3,19,formulated,ambient,24.2,,,,0,3.394207518,3.484378117,3.439292817
4,1,mixed,ambient,19.4,light purple,,,0,3.671432099,4.077811987,3.874622043
4,2,mixed,ambient,14,green pink,,,0,3.321104608,3.279065309,3.300084959
4,3,mixed,ambient,26.7,,,,0,3.945035986,3.85159545,3.898315718
4,4,mixed,ambient,6.4,red,,,0,2.888135186,2.726844408,2.807489797
4,5,mixed,ambient,17.4,green orange,,,0,3.363143907,3.180973612,3.27205876
4,6,mixed,ambient,24.3,purple red,,,0,4.597199105,4.211775737,4.404487421
4,7,mixed,ambient,11.4,,,,0,2.746567524,2.830646122,2.788606823
4,8,mixed,ambient,14.6,green pink,,,0,3.461412891,3.453205634,3.457309263
4,9,mixed,ambient,10.8,,,,0,2.718541325,2.816633022,2.767587174
4,10,mixed,ambient,17.7,,,,0,3.349130807,3.405183206,3.377157007
4,11,mixed,ambient,19.9,purple,,,0,3.390648918,3.515975775,3.453312346
4,12,mixed,ambient,19.3,light purple,,,0,3.981625665,3.649282619,3.815454142
4,13,mixed,ambient,20.3,,,,0,3.175080491,3.448425655,3.311753073
4,14,mixed,ambient,12.3,purple,,,0,4.133864386,3.895641692,4.014753039
4,15,mixed,ambient,9.3,,,,0,2.396240034,2.592423428,2.494331731
4,16,mixed,ambient,6.6,,,,0,2.270122137,2.466305532,2.368213835
4,17,mixed,ambient,11.3,,,,0,2.396240034,2.606436528,2.501338281
4,18,mixed,ambient,6.1,,,,0,2.003873245,2.003873245,2.003873245
4,19,mixed,ambient,11.2,,,,0,2.732554424,2.690515126,2.711534775
5,1,mixed,warm,7.1,,,,0,2.328595615,2.569974429,2.449285022
5,2,mixed,warm,17.1,purple,,,0,4.316421141,4.586197462,4.451309301
5,3,mixed,warm,25.6,,,,0,3.720893073,3.827222649,3.774057861
5,4,mixed,warm,18.7,red,,,0,4.043062408,3.992886727,4.017974567
5,5,mixed,warm,13,,,,0,2.896545765,3.010135795,2.95334078
5,6,mixed,warm,18.4,,,,0,3.322508378,3.421899654,3.372204016
5,7,mixed,warm,10.9,purple,,,0,3.47247353,3.73425874,3.603366135
5,8,mixed,warm,19.4,light purple,,,0,4.422176725,4.279481768,4.350829247
5,9,mixed,warm,20.2,,,,0,3.749438962,3.877533812,3.813486387
5,10,mixed,warm,26.4,,,,0,3.86206102,3.904657282,3.883359151
5,11,mixed,warm,6.6,,,,0,2.200806832,2.200806832,2.200806832
5,12,mixed,warm,15.5,,,,0,3.024334549,2.967539534,2.995937042
5,13,mixed,warm,9.4,,,,0,2.49898066,2.683564459,2.59127256
5,14,mixed,warm,13,light purple,,,0,3.379303393,3.563887192,3.471595292
5,15,mixed,warm,15.9,,,,0,3.465194144,3.243413087,3.354303616
5,16,mixed,warm,13.3,,,,0,3.08279763,3.04042367,3.06161065
5,17,mixed,warm,18.5,,,,0,3.634721498,3.522471576,3.578596537
5,18,mixed,warm,33.4,,,,0,4.277131532,4.34136619,4.309248861
5,19,mixed,warm,21.7,,,,0,3.663278468,3.705874729,3.684576599
6,1,ulva,warm,10.4,,,,0,2.575543752,2.803216128,2.68937994
6,2,ulva,warm,13.1,green orange,,,0,3.370204889,3.384383802,3.377294345
6,3,ulva,warm,18.6,light purple,,,0,3.786717898,3.621693277,3.704205587
6,4,ulva,warm,14,purple,,,0,4.000780528,3.822772808,3.911776668
6,5,ulva,warm,28,light purple,,,0,3.928791794,3.987035291,3.957913542
6,6,ulva,warm,8.9,,,,0,2.390559947,2.419018994,2.40478947
6,7,ulva,warm,15.8,purple,,,0,4.094667465,3.863151841,3.978909653
6,8,ulva,warm,23.6,,,,0,3.74787929,3.975821553,3.861850422
6,9,ulva,warm,19.5,,,,0,3.400856115,3.54315135,3.472003732
6,10,ulva,warm,19.7,purple,,,0,4.174158623,4.123991111,4.149074867
6,11,ulva,warm,14.7,,,,0,2.831675175,2.874363746,2.85301946
6,12,ulva,warm,17.8,red,,,0,3.841971343,4.254627524,4.048299434
6,13,ulva,warm,18.5,,,,0,3.429315162,3.54315135,3.486233256
6,14,ulva,warm,15.9,,,,0,2.860098825,2.991213718,2.925656271
6,15,ulva,warm,20.8,,,,0,3.503158699,3.59560237,3.549380534
6,16,ulva,warm,25.9,light purple,,,0,3.899460654,4.133964339,4.016712496
6,17,ulva,warm,19.6,,,,0,3.580782614,3.437836385,3.5093095
6,18,ulva,warm,7,,,,0,2.191346618,2.162887571,2.177117094
6,19,ulva,warm,13.3,,,,0,2.68937994,2.675150417,2.682265178
7,1,kelp,ambient,4.5,green orange,,,0,2.031490341,2.031490341,2.031490341
7,2,kelp,ambient,32.1,purple,,,0,5.320704603,5.241160917,5.28093276
7,3,kelp,ambient,19.4,,,,0,3.601425526,3.757983996,3.679704761
7,4,kelp,ambient,13.3,,,,0,3.076256803,3.061746157,3.06900148
7,5,kelp,ambient,8.2,,,,0,2.452299055,2.568384217,2.510341636
7,6,kelp,ambient,10.9,red,,,0,3.279405837,3.221363256,3.250384546
7,7,kelp,ambient,23.7,,,,0,3.69980197,3.975877092,3.837839531
7,8,kelp,ambient,7.3,,,,0,2.278171311,2.278171311,2.278171311
7,9,kelp,ambient,18.3,,,,0,3.264895191,3.482554871,3.373725031
7,10,kelp,ambient,11,,,,0,2.71349067,2.771533251,2.742511961
7,11,kelp,ambient,21.5,red,,,0,4.269860628,4.384574626,4.327217627
7,12,kelp,ambient,27.8,purple,,,0,4.621845539,5.193944561,4.90789505
7,13,kelp,ambient,16.3,,,,0,3.322937773,3.497065516,3.410001644
7,14,kelp,ambient,8.1,,,,0,2.408767119,2.524852281,2.4668097
7,15,kelp,ambient,8,,,,0,2.4668097,2.568384217,2.517596959
7,16,kelp,ambient,12.3,,,,0,2.771533251,2.974682286,2.873107768
7,17,kelp,ambient,10.3,,,,0,2.568384217,2.68446938,2.626426798
7,18,kelp,ambient,6.5,,,,0,2.292681957,2.205618085,2.249150021
7,19,kelp,ambient,4.4,green orange,,,0,1.94442647,1.958937115,1.951681792
8,1,ulva,ambient,17.4,purple,,,0,4.387590598,4.176012848,4.281801723
8,2,ulva,ambient,24.5,,,,0,3.73511344,3.846609363,3.790861401
8,3,ulva,ambient,17.3,,,,0,3.080555709,3.173359688,3.126957698
8,4,ulva,ambient,26.6,purple,,,0,4.876353597,4.777806855,4.827080226
8,5,ulva,ambient,14.7,,,,0,3.1343049,3.14522397,3.139764435
8,6,ulva,ambient,30.7,green orange,,,0,3.951831122,4.12922005,4.040525586
8,7,ulva,ambient,15.6,light purple,,,0,2.996452946,3.317003726,3.156728336
8,8,ulva,ambient,26.8,green pink,,,0,4.151562542,4.107536344,4.129549443
8,9,ulva,ambient,22.4,green orange,,,0,3.776924411,3.693302468,3.73511344
8,10,ulva,ambient,26.1,green orange,,,0,3.76298742,3.846609363,3.804798392
8,11,ulva,ambient,16.7,red,,,0,3.818735382,3.651491497,3.73511344
8,12,ulva,ambient,17.1,,,,0,3.191570812,3.163696831,3.177633822
8,13,ulva,ambient,11.9,,,,0,2.759524108,2.829209061,2.794366584
8,14,ulva,ambient,12.8,,,,0,2.759524108,2.884957022,2.822240565
8,15,ulva,ambient,6.4,,,,0,2.1881075,2.313540414,2.250823957
8,16,ulva,ambient,14.5,,,,0,3.010389936,3.163696831,3.087043384
8,17,ulva,ambient,25.4,purple red,,,0,4.207263256,4.57069546,4.388979358
8,18,ulva,ambient,7.3,,,,0,2.229918471,2.118422548,2.17417051
8,19,ulva,ambient,12.7,,,,0,2.703776147,2.829209061,2.766492604
9,1,ulva,warm,31,,,,0,4.104020795,4.335078372,4.219549584
9,2,ulva,warm,14.9,light purple,,,0,3.006718009,3.129390992,3.0680545
9,3,ulva,warm,16.8,,,,0,3.157554446,3.316153071,3.236853758
9,4,ulva,warm,15.4,,,,0,3.132287589,3.001744556,3.067016073
9,5,ulva,warm,6.6,,,,0,2.133872411,2.220380752,2.177126581
9,6,ulva,warm,17.3,,,,0,3.456764831,3.510915259,3.483840045
9,7,ulva,warm,14.4,,,,0,3.159364413,3.424402322,3.291883368
9,8,ulva,warm,7.3,light purple,,,0,2.812676137,2.848770516,2.830723327
9,9,ulva,warm,19.3,light purple,,,0,3.711333578,3.862889111,3.787111345
9,10,ulva,warm,24.1,,,,0,3.59009615,3.705440605,3.647768378
9,11,ulva,warm,17.4,,,,0,3.231864605,3.623410006,3.427637305
9,12,ulva,warm,21.6,,,,0,3.533159462,3.865007486,3.699083474
9,13,ulva,warm,26.1,purple,,,0,4.93266147,5.813213184,5.372937327
9,14,ulva,warm,13.7,light purple,,,0,3.225272906,3.596351554,3.41081223
9,15,ulva,warm,16.6,,,,0,3.171972502,3.301735014,3.236853758
9,16,ulva,warm,8.2,purple red,,,0,2.766586172,2.846178832,2.806382502
9,17,ulva,warm,4.5,,,,0,2.076200183,2.061782127,2.068991155
9,18,ulva,warm,30.4,purple,,,0,5.659753068,5.321972153,5.490862611
9,19,ulva,warm,6.5,,,,0,2.438186772,2.597211946,2.517699359
10,1,kelp,warm,23.9,,,,0,3.858739843,3.765198103,3.811968973
10,2,kelp,warm,8.7,purple,,,0,3.060139106,3.455114621,3.257626863
10,3,kelp,warm,21.5,,,,0,3.496373829,3.496373829,3.496373829
10,4,kelp,warm,9.1,,,,0,2.495395838,2.453100993,2.474248415
10,5,kelp,warm,7.8,,,,0,2.562331162,2.540049091,2.551190126
10,6,kelp,warm,18.5,,,,0,3.218031207,3.137659587,3.177845397
10,7,kelp,warm,13.3,,,,0,3.045228819,3.101621945,3.073425382
10,8,kelp,warm,9.2,purple,,,0,3.115720227,3.115720227,3.115720227
10,9,kelp,warm,20.3,red,,,0,4.262440045,4.512199011,4.387319528
10,10,kelp,warm,18,,,,0,3.341292732,3.242604761,3.291948746
10,11,kelp,warm,19.2,light purple,,,0,3.969367358,3.919556818,3.944462088
10,12,kelp,warm,20.3,purple,,,0,4.24266931,4.223088413,4.232878862
10,13,kelp,warm,20.8,green orange,,,0,3.26104102,3.529452066,3.395246543
10,14,kelp,warm,19.1,,,,0,3.158015071,3.41178414,3.284899606
10,15,kelp,warm,12.1,purple,,,0,4.093439149,3.680468397,3.886953773
10,16,kelp,warm,9.2,,,,0,2.70258027,2.699968157,2.701274214
10,17,kelp,warm,8,purple,,,0,3.14391679,3.115720227,3.129818508
10,18,kelp,warm,7.2,,,,0,2.312118177,2.410806148,2.361462163
10,19,kelp,warm,13.5,,,,0,2.904246003,3.002933974,2.953589989
11,1,kelp,ambient,10.6,purple,,,0,3.04652854,3.251230371,3.148879456
11,2,kelp,ambient,26.3,green red,,,0,3.941185834,4.139479745,4.040332789
11,3,kelp,ambient,22.7,,,,0,3.523531994,3.611620294,3.567576144
11,4,kelp,ambient,27.2,purple,,,0,4.665452796,4.673623008,4.669537902
11,5,kelp,ambient,26.1,green orange,,,0,3.890566576,4.125468709,4.008017643
11,6,kelp,ambient,26.9,,,,0,3.934610726,4.169512859,4.052061793
11,7,kelp,ambient,5.7,light purple,,,0,2.110764796,1.955064752,2.032914774
11,8,kelp,ambient,20,,,,0,3.057466369,3.286958118,3.172212243
11,9,kelp,ambient,19.4,purple,,,0,4.362174747,4.362174747,4.362174747
11,10,kelp,ambient,26.1,light purple,,,0,3.868091776,3.835888942,3.851990359
11,11,kelp,ambient,18.2,green orange,,,0,3.387973746,3.483581665,3.435777706
11,12,kelp,ambient,19,green red,,,0,3.735546644,3.698492227,3.717019436
11,13,kelp,ambient,11.7,green red,,,0,2.893284983,3.152816383,3.023050683
11,14,kelp,ambient,21.1,,,,0,3.304298012,3.855233137,3.579765575
11,15,kelp,ambient,16,green orange,,,0,3.053727728,3.053727728,3.053727728
11,16,kelp,ambient,10.5,green orange,,,0,2.657330379,2.583923462,2.62062692
11,17,kelp,ambient,7,red,,,0,2.626285686,2.757599971,2.691942828
11,18,kelp,ambient,12.8,green orange,,,0,3.097771878,2.965639428,3.031705653
11,19,kelp,ambient,20.2,green orange,,,0,3.77357249,3.64065745,3.70711497
12,1,formulated,ambient,14.1,light purple red,,,0,3.011475506,3.175052613,3.093264059
12,2,formulated,ambient,10.5,purple,,,0,3.339794264,3.587239034,3.463516649
12,3,formulated,ambient,13.8,,,,0,2.755135891,2.79903384,2.777084866
12,4,formulated,ambient,18.1,light purple,,,0,4.136593837,3.792754889,3.964674363
12,5,formulated,ambient,7.7,,,,0,2.460227544,2.349030818,2.404629181
12,6,formulated,ambient,23.9,green orange,,,0,3.627793158,3.558295204,3.593044181
12,7,formulated,ambient,13.1,orange,,,0,3.155207076,3.433198889,3.294202982
12,8,formulated,ambient,25.3,,,,0,3.989182514,3.877985789,3.933584152
12,9,formulated,ambient,11.4,light purple,,,0,2.741040155,2.855647134,2.798343645
12,10,formulated,ambient,8.8,,,,0,2.329581344,2.417490073,2.373535708
12,11,formulated,ambient,14.8,green red,,,0,2.936270018,2.966610311,2.951440164
12,12,formulated,ambient,21.6,,,,0,3.483650329,3.786414068,3.635032198
12,13,formulated,ambient,26.6,purple,,,0,4.778473271,4.424051051,4.601262161
12,14,formulated,ambient,9.5,,,,0,2.315606724,2.512175575,2.41389115
12,15,formulated,ambient,18.7,light purple,,,0,3.349830182,3.420542125,3.385186153
12,16,formulated,ambient,11.8,green orange,,,0,2.688699679,2.897656299,2.793177989
12,17,formulated,ambient,6.4,,,,0,2.126637368,2.084938596,2.105787982
12,18,formulated,ambient,21.4,purple,,,0,4.461730708,4.369233015,4.415481861
12,19,formulated,ambient,7,,,,0,2.19182045,2.219151375,2.205485912
13,1,formulated,warm,29,red,,,0,4.748854787,4.582844776,4.665849781
13,2,formulated,warm,24.8,,,,0,3.994914125,4.240089361,4.117501743
13,3,formulated,warm,20.8,,,,0,3.619940236,3.677628527,3.648784382
13,4,formulated,warm,31.6,green red,,,0,5.052755196,4.785243924,4.91899956
13,5,formulated,warm,19.7,,,,0,3.389187074,3.605518164,3.497352619
13,6,formulated,warm,31.1,,,,0,3.994914125,4.081446561,4.038180343
13,7,formulated,warm,25.7,,,,0,4.038701822,4.579575831,4.309138826
13,8,formulated,warm,35.7,,,,0,4.600641177,4.874660557,4.737650867
13,9,formulated,warm,13.6,,,,0,2.994803377,3.117578785,3.056191081
13,10,formulated,warm,17.1,,,,0,3.104876637,3.21477187,3.159824254
13,11,formulated,warm,9.8,,,,0,2.821791939,2.83499213,2.828392035
13,12,formulated,warm,25,,,,0,3.865115472,3.893959617,3.879537544
13,13,formulated,warm,25.3,,,,0,5.152803928,4.405872383,4.779338156
13,14,formulated,warm,22.4,,,,0,3.74973889,3.908381689,3.82906029
13,15,formulated,warm,21.6,,,,0,3.432453292,3.576674018,3.504563655
13,16,formulated,warm,17.2,light purple,,,0,3.693634716,3.917292196,3.805463456
13,17,formulated,warm,20,,,,0,3.432453292,3.461297437,3.446875365
13,18,formulated,warm,16.8,,,,0,3.357006555,3.315265619,3.336136087
13,19,formulated,warm,14.4,purple,,,0,3.703813175,3.828272563,3.766042869
14,1,mixed,warm,20.9,purple,,,0,4.432677729,4.463823636,4.448250683
14,2,mixed,warm,21.6,,,,0,4.1522447,4.340731128,4.246487914
14,3,mixed,warm,4.7,,,,0,1.91173737,1.995463094,1.953600232
14,4,mixed,warm,5.3,,,,0,2.051280243,1.995463094,2.023371669
14,5,mixed,warm,26.2,purple,,,0,4.212375022,4.561072549,4.386723785
14,6,mixed,warm,6.2,,,,0,2.162914542,2.162914542,2.162914542
14,7,mixed,warm,21.9,purple,,,0,4.585549539,4.269191016,4.427370277
14,8,mixed,warm,8,light purple,,,0,2.587231754,2.786982469,2.687107111
14,9,mixed,warm,21.8,,,,0,3.697886153,3.921154751,3.809520452
14,10,mixed,warm,12.7,,,,0,2.721086037,2.832720336,2.776903186
14,11,mixed,warm,25.8,purple red,,,0,4.501550156,4.795830954,4.648690555
14,12,mixed,warm,4.4,,,,0,1.939645944,1.967554519,1.953600232
14,13,mixed,warm,21,red,,,0,4.412319408,4.222970611,4.31764501
14,14,mixed,warm,19,,,,0,3.251348957,3.390891831,3.321120394
14,15,mixed,warm,30.5,,,,0,4.117159222,4.484371509,4.300765366
14,16,mixed,warm,6.9,light purple,,,0,2.648007575,2.871635028,2.759821302
14,17,mixed,warm,11.5,,,,0,2.959493483,2.959493483,2.959493483
14,18,mixed,warm,11.2,,,,0,2.707707123,2.707707123,2.707707123
14,19,mixed,warm,5.3,purple,,,0,2.525726014,2.344320278,2.435023146
15,1,ulva,ambient,5.9,red,,,0,2.556031879,2.814507013,2.685269446
15,2,ulva,ambient,27.3,,,,0,4.225525827,3.944046861,4.084786344
15,3,ulva,ambient,21.9,,,,0,3.480746337,3.407645842,3.44419609
15,4,ulva,ambient,18.5,,,,0,3.403043859,3.371602143,3.387323001
15,5,ulva,ambient,7,green orange,,,0,2.556031879,2.613470798,2.584751338
15,6,ulva,ambient,28.4,purple,,,0,4.770478552,5.330419849,5.0504492
15,7,ulva,ambient,25.8,purple,,,0,4.710434576,4.687769981,4.699102278
15,8,ulva,ambient,18.6,,,,0,3.577849909,3.664995742,3.621422825
15,9,ulva,ambient,4.9,green orange,,,0,2.153959449,2.240117827,2.197038638
15,10,ulva,ambient,12.8,,,,0,3.087041309,3.146222994,3.116632152
15,11,ulva,ambient,7.1,red,,,0,2.865089952,3.173898208,3.01949408
15,12,ulva,ambient,7.4,green orange,,,0,2.311916475,2.268837286,2.29037688
15,13,ulva,ambient,8.4,,,,0,2.484233231,2.484233231,2.484233231
15,14,ulva,ambient,11.5,green red,,,0,3.037727754,3.304212486,3.17097012
15,15,ulva,ambient,23.3,purple,,,0,4.216952889,4.704389672,4.460671281
15,16,ulva,ambient,9,,,,0,2.484233231,2.599111068,2.541672149
15,17,ulva,ambient,5.7,green orange,,,0,2.366176715,2.279038842,2.322607778
15,18,ulva,ambient,6.8,,,,0,2.125239989,2.211398367,2.168319178
15,19,ulva,ambient,10.1,light purple,,,0,2.900665391,2.871945931,2.886305661
16,1,mixed,ambient,10.3,purple,,,0,3.458362073,3.708443885,3.583402979
16,2,mixed,ambient,17.7,,,,0,3.607233775,3.404417418,3.505825596
16,3,mixed,ambient,14.4,green pink,,,0,3.331983005,3.274035474,3.303009239
16,4,mixed,ambient,18.1,,,,0,3.418904301,3.36095677,3.389930535
16,5,mixed,ambient,22.8,purple,,,0,4.728186487,4.62601346,4.677099974
16,6,mixed,ambient,11.7,,,,0,3.013271587,3.056732235,3.035001911
16,7,mixed,ambient,9.8,,,,0,2.624615757,2.721115169,2.672865463
16,8,mixed,ambient,11.6,,,,0,2.865557018,2.666776975,2.766166997
16,9,mixed,ambient,17,,,,0,3.321321237,3.480501817,3.400911527
16,10,mixed,ambient,16.6,purple,,,0,4.251165772,4.046290313,4.148728043
16,11,mixed,ambient,22.4,green red,,,0,3.622184208,3.636669244,3.629426726
16,12,mixed,ambient,30.1,purple,,,0,5.354863109,5.405747787,5.380305448
16,13,mixed,ambient,6.4,,,,0,2.25995369,2.25995369,2.25995369
16,14,mixed,ambient,7.1,green orange,,,0,2.288927455,2.274440573,2.281684014
16,15,mixed,ambient,6.5,,,,0,1.955729155,2.303414338,2.129571746
16,16,mixed,ambient,14.4,dark pink,,,0,3.067287375,3.002841087,3.035064231
16,17,mixed,ambient,7,,,,0,2.448283164,2.404822516,2.42655284
16,18,mixed,ambient,9.4,light purple red,,,0,3.563773127,3.230574826,3.397173977
16,19,mixed,ambient,5.9,light purple,,,0,2.346874986,2.491743812,2.419309399
17,1,ulva,warm,21.8,,,,0,3.52497338,3.76602165,3.645497515
17,2,ulva,warm,21.7,,,,0,3.282466118,3.46788709,3.375176604
17,3,ulva,warm,15.9,,,,0,3.006078201,3.218890829,3.112484515
17,4,ulva,warm,13.1,light purple,,,0,3.156862745,3.445098039,3.300980392
17,5,ulva,warm,19,,,,0,3.047058824,3.170588235,3.108823529
17,6,ulva,warm,9.3,,,,0,2.511764706,2.429411765,2.470588235
17,7,ulva,warm,13.9,light purple,,,0,3.431372549,3.582352941,3.506862745
17,8,ulva,warm,15.9,purple,,,0,4.163401835,4.058645089,4.111023462
17,9,ulva,warm,14.9,,,,0,3.038274522,3.073138481,3.055706502
17,10,ulva,warm,28.4,red,,,0,4.090196078,4.268627451,4.179411765
17,11,ulva,warm,12.2,,,,0,2.745098039,2.731372549,2.738235294
17,12,ulva,warm,11.2,,,,0,2.656954994,2.684395006,2.670675
17,13,ulva,warm,10.5,,,,0,2.758823529,2.758823529,2.758823529
17,14,ulva,warm,5.6,light purple,,,0,1.949019608,2.07254902,2.010784314
17,15,ulva,warm,19.5,light purple,,,0,3.874461801,3.839735014,3.857098407
17,16,ulva,warm,24,,,,0,3.555047692,3.708486739,3.631767215
17,17,ulva,warm,13.4,purple,,,0,3.531300829,3.99025401,3.76077742
17,18,ulva,warm,21,,,,0,3.664705882,3.431372549,3.548039216
17,19,ulva,warm,9.8,purple,,,0,3.198068669,3.254562349,3.226315509
18,1,kelp,warm,16.8,,,,0,3.352972664,3.560250896,3.45661178
18,2,kelp,warm,15.9,,,,0,3.2,3.186206897,3.193103448
18,3,kelp,warm,18.2,light purple,,,0,3.710344828,3.682758621,3.696551724
18,4,kelp,warm,12.9,,,,0,2.84137931,2.813793103,2.827586207
18,5,kelp,warm,9.7,green orange,,,0,2.75862069,2.910344828,2.834482759
18,6,kelp,warm,21.7,,,,0,3.475862069,3.627586207,3.551724138
18,7,kelp,warm,8.6,,,,0,2.397908324,2.681410884,2.539659604
18,8,kelp,warm,12.2,,,,0,2.827586207,2.979310345,2.903448276
18,9,kelp,warm,11,,,,0,2.675862069,2.951724138,2.813793103
18,10,kelp,warm,7.5,,,,0,2.44137931,2.455172414,2.448275862
18,11,kelp,warm,19.3,,,,0,3.324137931,3.365517241,3.344827586
18,12,kelp,warm,10.4,,,,0,2.593103448,2.772413793,2.682758621
18,13,kelp,warm,6.9,light purple,,,0,2.502944758,2.586786142,2.54486545
18,14,kelp,warm,8.1,purple,,,0,3.15862069,2.855172414,3.006896552
18,15,kelp,warm,25.3,green orange,,,0,3.875862069,4.137931034,4.006896552
18,16,kelp,warm,20.2,light purple,,,0,3.572413793,3.903448276,3.737931034
18,17,kelp,warm,24.8,purple red,,,0,4.227198047,4.36448754,4.295842794
18,18,kelp,warm,4,red,,,0,2.44137931,2.413793103,2.427586207
18,19,kelp,warm,26.7,green orange,,,0,3.701392867,3.630397495,3.665895181
19,1,formulated,ambient,25.2,purple red,,,0,4.78310396,4.591536532,4.687320246
19,2,formulated,ambient,24.2,,,,0,3.866530869,4.050371701,3.958451285
19,3,formulated,ambient,19.8,green orange,,,0,3.586104671,3.49792177,3.54201322
19,4,formulated,ambient,11,green orange,,,0,2.862975075,2.820139582,2.841557329
19,5,formulated,ambient,24.9,,,,0,3.857043018,3.917638374,3.887340696
19,6,formulated,ambient,20.9,light purple,,,0,3.909690606,3.909690606,3.909690606
19,7,formulated,ambient,5.5,,,,0,2.160481093,2.395635498,2.278058295
19,8,formulated,ambient,9.2,purple,,,0,3.267398315,3.666460352,3.466929334
19,9,formulated,ambient,29.3,purple,,,0,5.472991637,5.34277801,5.407884823
19,10,formulated,ambient,16.8,,,,0,3.189281613,3.248070215,3.218675914
19,11,formulated,ambient,15,green orange,,,0,2.717910032,3.243419993,2.980665012
19,12,formulated,ambient,14,light purple,,,0,3.306858816,3.233373064,3.27011594
19,13,formulated,ambient,10.4,green orange,,,0,2.836550006,2.99821866,2.917384333
19,14,formulated,ambient,12.7,,,,0,2.865944307,3.159887313,3.01291581
19,15,formulated,ambient,18.3,,,,0,3.322368762,3.351755935,3.337062348
19,16,formulated,ambient,20.1,green orange,,,0,3.52731607,3.54201322,3.534664645
19,17,formulated,ambient,7.1,green orange,,,0,2.366241197,2.351544047,2.358892622
19,18,formulated,ambient,16.3,purple,,,0,3.852924594,3.667019993,3.759972294
19,19,formulated,ambient,4.8,,,,0,2.116389642,2.116389642,2.116389642
20,1,kelp,ambient,24,,,,0,3.620213269,3.813441622,3.716827446
20,2,kelp,ambient,9.8,,,,0,2.650183321,2.678989661,2.664586491
20,3,kelp,ambient,23.5,light purple red,,,0,4.580536493,4.192992673,4.386764583
20,4,kelp,ambient,21.1,purple red,,,0,4.415646493,4.726566601,4.571106547
20,5,kelp,ambient,5.4,red,,,0,2.318910406,2.405329427,2.362119916
20,6,kelp,ambient,19.1,,,,0,3.060504218,3.34365339,3.202078804
20,7,kelp,ambient,35,green pink,,,0,4.32292505,4.945182249,4.63405365
20,8,kelp,ambient,30.9,purple red,,,0,4.983496897,4.868271535,4.925884216
20,9,kelp,ambient,33.3,,,,0,3.832461399,4.007214599,3.919837999
20,10,kelp,ambient,22.1,,,,0,3.456760853,3.629598896,3.543179875
20,11,kelp,ambient,21.2,,,,0,3.330154991,3.317266174,3.323710582
20,12,kelp,ambient,14.6,,,,0,3.053140864,2.838310885,2.945725875
20,13,kelp,ambient,8.5,purple,,,0,3.436514619,3.441099436,3.438807027
20,14,kelp,ambient,4.9,,,,0,1.757186767,2.117266023,1.937226395
20,15,kelp,ambient,23.7,,,,0,3.679869058,3.922801973,3.801335515
20,16,kelp,ambient,18,purple,,,0,4.442000511,5.20822001,4.825110261
20,17,kelp,ambient,21.1,,,,0,3.557583045,3.499970364,3.528776704
20,18,kelp,ambient,30.6,,,,0,4.104903513,4.292144726,4.19852412
20,19,kelp,ambient,8.1,,,,0,2.362119916,2.419732597,2.390926257
21,1,kelp,warm,19.4,,,,0,3.248242283,3.262303938,3.255273111
21,2,kelp,warm,20.5,orange,,,0,3.824770135,3.895078409,3.859924272
21,3,kelp,warm,16.4,purple,,,0,4.499251668,4.205545729,4.352398699
21,4,kelp,warm,22.9,,,,0,3.752038471,3.567616716,3.659827593
21,5,kelp,warm,12.7,,,,0,2.798269326,2.896700911,2.847485119
21,6,kelp,warm,20.5,green orange,,,0,3.868897676,3.671573224,3.77023545
21,7,kelp,warm,20.1,,,,0,2.779560962,3.149598826,2.964579894
21,8,kelp,warm,25.2,red,,,0,4.824131439,4.283176391,4.553653915
21,9,kelp,warm,20.8,light purple,,,0,3.529475382,3.431043797,3.480259589
21,10,kelp,warm,15.3,,,,0,3.060478084,3.081821083,3.071149583
21,11,kelp,warm,19.9,,,,0,3.515413727,3.571660346,3.543537036
21,12,kelp,warm,21.9,,,,0,3.356231598,3.680851374,3.518541486
21,13,kelp,warm,13.9,,,,0,2.882639256,2.854515946,2.868577601
21,14,kelp,warm,8.8,purple,,,0,3.27133756,3.342905231,3.307121396
21,15,kelp,warm,19.6,light purple,,,0,3.848175539,4.014824107,3.931499823
21,16,kelp,warm,22,,,,0,3.585722001,3.487290417,3.536506209
21,17,kelp,warm,12.7,,,,0,3.104172029,3.046304275,3.075238152
21,18,kelp,warm,3.5,light purple,,,0,1.926446722,1.898323412,1.912385067
21,19,kelp,warm,9.9,purple red,,,0,3.192467964,3.490924425,3.341696195
22,1,ulva,warm,14.5,,,,0,3.35337515,3.583165526,3.468270338
22,2,ulva,warm,21.1,,,,0,3.744012083,3.981436376,3.86272423
22,3,ulva,warm,23.7,,,,0,3.62496492,3.62496492,3.62496492
22,4,ulva,warm,19.5,,,,0,3.547570724,3.512936484,3.530253604
22,5,ulva,warm,17.5,,,,0,3.047513088,2.928860278,2.988186683
22,6,ulva,warm,19.3,,,,0,3.491811533,3.772381996,3.632096765
22,7,ulva,warm,25.6,,,,0,3.832024637,3.950736746,3.891380691
22,8,ulva,warm,33.4,,,,0,4.141787539,4.368708145,4.255247842
22,9,ulva,warm,20.4,,,,0,3.471601019,3.443716674,3.457658846
22,10,ulva,warm,20.1,,,,0,3.580078768,3.629151856,3.604615312
22,11,ulva,warm,13.2,,,,0,3.068521462,2.984447382,3.026484422
22,12,ulva,warm,8.9,,,,0,2.286516334,2.425938062,2.356227198
22,13,ulva,warm,16.4,,,,0,3.039393663,3.234584082,3.136988873
22,14,ulva,warm,6.3,purple,,,0,4.770918016,4.987133908,4.879025962
22,15,ulva,warm,10.8,light purple,,,0,3.095162354,3.109104527,3.102133441
22,16,ulva,warm,19.5,,,,0,3.451757902,3.430121621,3.440939762
22,17,ulva,warm,39.3,purple,,,0,5.627182525,5.616827133,5.622004829
22,18,ulva,warm,20.6,red,,,0,4.230438679,4.181890751,4.206164715
22,19,ulva,warm,6.8,purple,,,0,2.709125974,3.183215138,2.946170556
23,1,mixed,ambient,26.1,purple,,,0,4.290141848,4.59451002,4.442325934
23,2,mixed,ambient,13.4,,,,0,2.753807267,2.65235121,2.703079239
23,3,mixed,ambient,7.3,,,,0,2.203045814,2.014627422,2.108836618
23,4,mixed,ambient,19.9,,,,0,3.145137774,2.927731937,3.036434855
23,5,mixed,ambient,21.8,red,,,0,4.118162399,4.063189139,4.090675769
23,6,mixed,ambient,18.2,,,,0,2.940520547,3.30784884,3.124184694
23,7,mixed,ambient,16.8,,,,0,2.895164143,3.188791873,3.041978008
23,8,mixed,ambient,12.1,,,,0,2.579882598,2.855263325,2.717572961
23,9,mixed,ambient,24.8,green orange,,,0,3.435012223,3.565455725,3.500233974
23,10,mixed,ambient,18.3,,,,0,3.248825356,3.07256661,3.160695983
23,11,mixed,ambient,19.9,,,,0,2.662952812,2.5601531,2.611552956
23,12,mixed,ambient,7.1,,,,0,1.895480246,1.932413289,1.913946768
23,13,mixed,ambient,11,purple,,,0,3.657834811,3.359058939,3.508446875
23,14,mixed,ambient,13.2,,,,0,2.828365548,2.864307577,2.846336563
23,15,mixed,ambient,14.3,,,,0,3.058175439,3.159631496,3.108903468
23,16,mixed,ambient,24.9,purple,,,0,4.53653513,4.59451002,4.565522575
23,17,mixed,ambient,8.5,,,,0,2.246526981,2.290008149,2.268267565
23,18,mixed,ambient,28.5,purple,,,0,4.827220159,5.026193293,4.926706726
23,19,mixed,ambient,12.4,,,,0,2.932248772,2.850292875,2.891270824
24,1,formulated,ambient,11.1,purple,,,0,3.388398166,3.259837019,3.324117592
24,2,formulated,ambient,20.5,,,,0,3.449072168,3.463503432,3.4562878
24,3,formulated,ambient,15,green orange,,,0,3.45196928,3.497044043,3.474506662
24,4,formulated,ambient,31.4,purple,,,0,5.028115295,4.991407998,5.009761647
24,5,formulated,ambient,15.3,light purple,,,0,3.174878146,3.348053318,3.261465732
24,6,formulated,ambient,11.7,,,,0,2.799665274,2.871821596,2.835743435
24,7,formulated,ambient,15.5,green orange,,,0,3.127666507,3.563565425,3.345615966
24,8,formulated,ambient,15.4,purple,,,0,3.991549182,4.238205827,4.114877504
24,9,formulated,ambient,18,,,,0,3.328596998,3.481622893,3.405109945
24,10,formulated,ambient,8.2,purple,,,0,3.017178426,2.894368057,2.955773241
24,11,formulated,ambient,22.9,,,,0,3.954166418,3.752128718,3.853147568
24,12,formulated,ambient,13,,,,0,2.972840446,3.030565503,3.001702974
24,13,formulated,ambient,8.9,,,,0,2.512294117,2.57743552,2.544864819
24,14,formulated,ambient,18.1,green orange,,,0,3.333622053,3.420209639,3.376915846
24,15,formulated,ambient,19.3,red,,,0,3.80921142,4.142263086,3.975737253
24,16,formulated,ambient,26.1,light purple,,,0,4.011891475,4.372673083,4.192282279
24,17,formulated,ambient,17,,,,0,3.247034467,3.319190789,3.283112628
24,18,formulated,ambient,17.5,green red,,,0,3.603830845,4.038820783,3.821325814
24,19,formulated,ambient,10.9,green red,,,0,2.929546653,3.117153089,3.023349871
25,1,mixed,warm,26.8,,,,0,3.919348513,4.311696584,4.115522549
25,2,mixed,warm,18.5,purple,,,0,4.08019595,4.361588774,4.220892362
25,3,mixed,warm,21.6,,,,0,3.390783531,3.348574607,3.369679069
25,4,mixed,warm,8.4,,,,0,2.518465776,2.5606747,2.539570238
25,5,mixed,warm,6.1,purple,,,0,2.785788959,2.785788959,2.785788959
25,6,mixed,warm,3.6,,,,0,1.618008739,1.74463551,1.681322124
25,7,mixed,warm,15.8,light purple,,,0,3.051563765,3.041817708,3.046690736
25,8,mixed,warm,26,light purple,,,0,4.064817719,3.940385072,4.002601395
25,9,mixed,warm,9.8,,,,0,2.645092547,2.729510394,2.68730147
25,10,mixed,warm,28.1,light purple,,,0,4.406291768,4.544842571,4.475567169
25,11,mixed,warm,15.9,,,,0,3.193808554,3.292296042,3.243052298
25,12,mixed,warm,23.2,,,,0,3.880575642,3.952598956,3.916587299
25,13,mixed,warm,28.5,,,,0,3.939499538,3.96763882,3.953569179
25,14,mixed,warm,12.1,red,,,0,3.349527719,3.225148779,3.287338249
25,15,mixed,warm,9.5,purple,,,0,3.26415676,3.221947836,3.243052298
25,16,mixed,warm,23.3,,,,0,3.92720081,4.301129818,4.114165314
25,17,mixed,warm,16.3,light purple,,,0,3.268520284,3.381663948,3.325092116
25,18,mixed,warm,8.2,,,,0,2.476256852,2.349630082,2.412943467
25,19,mixed,warm,7.6,,,,0,2.405908646,2.321490799,2.363699723
26,1,formulated,warm,9.7,,,,0,2.419501351,2.660036573,2.539768962
26,2,formulated,warm,16.8,,,,0,3.462651053,3.448515005,3.455583029
26,3,formulated,warm,11.9,,,,0,2.989897467,3.095500303,3.042698885
26,4,formulated,warm,25.9,,,,0,4.079479269,3.84914872,3.964313994
26,5,formulated,warm,25.7,,,,0,3.749519637,3.678773983,3.71414681
26,6,formulated,warm,19,,,,0,3.381642239,3.523133546,3.452387892
26,7,formulated,warm,19.8,,,,0,3.581183834,3.581183834,3.581183834
26,8,formulated,warm,20.7,,,,0,3.933483784,3.850981669,3.892232727
26,9,formulated,warm,22.3,,,,0,3.704945215,3.799278723,3.752111969
26,10,formulated,warm,8.3,,,,0,2.447799612,2.518545266,2.483172439
26,11,formulated,warm,9.3,,,,0,2.631738311,2.744931357,2.688334834
26,12,formulated,warm,12.7,,,,0,3.126957886,2.914720925,3.020839406
26,13,formulated,warm,11.9,orange,,,0,3.022959374,2.969303884,2.996131629
26,14,formulated,warm,20.6,,,,0,3.537282676,3.593879199,3.565580938
26,15,formulated,warm,20.5,,,,0,3.551431807,3.565580938,3.558506372
26,16,formulated,warm,17.7,purple,,,0,4.381675328,4.296830321,4.339252824
26,17,formulated,warm,11.9,purple,,,0,3.422364405,3.491425227,3.456894816
26,18,formulated,warm,25.3,purple,,,0,4.802468005,4.902515553,4.852491779
26,19,formulated,warm,21.3,red,,,0,4.173993558,4.556020087,4.365006823
27,1,ulva,ambient,21.9,,,,0,3.643329815,3.588346631,3.615838223
27,2,ulva,ambient,20.5,,,,0,3.541450094,3.324626619,3.433038357
27,3,ulva,ambient,15.6,,,,0,3.45185424,3.589365485,3.520609862
27,4,ulva,ambient,17,,,,0,3.411356009,3.411356009,3.411356009
27,5,ulva,ambient,19,,,,0,3.498085399,3.396901111,3.447493255
27,6,ulva,ambient,22.2,purple,,,0,4.871493756,4.683587822,4.777540789
27,7,ulva,ambient,9.3,,,,0,2.841775665,3.022871436,2.93232355
27,8,ulva,ambient,23.6,,,,0,4.524383182,4.3653793,4.444881241
27,9,ulva,ambient,22.5,,,,0,3.684666719,3.92697317,3.805819944
27,10,ulva,ambient,16.8,,,,0,3.25081794,3.214102798,3.232460369
27,11,ulva,ambient,16.8,purple,,,0,4.343233938,4.246690707,4.294962323
27,12,ulva,ambient,17.1,,,,0,3.382446213,3.252352127,3.31739917
27,13,ulva,ambient,20.2,,,,0,3.452610794,3.502748774,3.477679784
27,14,ulva,ambient,12.4,,,,0,2.524201497,2.708288285,2.616244891
27,15,ulva,ambient,18,,,,0,3.411356009,3.526995196,3.469175603
27,16,ulva,ambient,17.9,purple,,,0,4.1330015,4.307038231,4.220019866
27,17,ulva,ambient,22.9,purple,,,0,4.649817494,4.446954976,4.548386235
27,18,ulva,ambient,6.7,,,,0,2.341693532,2.471787617,2.406740574
27,19,ulva,ambient,6.6,,,,0,2.184412071,2.31440934,2.249410705
28,1,ulva,ambient,19.3,light purple red,,,0,3.688187283,3.845435578,3.766811431
28,2,ulva,ambient,20.3,green red,,,0,3.616710786,3.616710786,3.616710786
28,3,ulva,ambient,15,,,,0,3.006910156,3.021182283,3.01404622
28,4,ulva,ambient,15.9,green orange,,,0,3.048688391,3.093206861,3.070947626
28,5,ulva,ambient,13.1,orange,,,0,2.924646753,2.859962158,2.892304455
28,6,ulva,ambient,32.3,green orange,,,0,4.037479534,4.124385923,4.080932729
28,7,ulva,ambient,16.4,,,,0,3.177578528,3.171366374,3.174472451
28,8,ulva,ambient,10.1,purple,,,0,3.745538984,3.542127446,3.643833215
28,9,ulva,ambient,24.6,red,,,0,4.441791345,5.090772741,4.766282043
28,10,ulva,ambient,33.4,green pink,,,0,4.074160371,4.231408666,4.152784519
28,11,ulva,ambient,27.2,,,,0,4.016979173,4.031274472,4.024126823
28,12,ulva,ambient,6.5,,,,0,2.20147613,2.258657328,2.230066729
28,13,ulva,ambient,14.9,,,,0,2.995487838,2.860721255,2.928104547
28,14,ulva,ambient,7.2,,,,0,2.301543227,2.272952628,2.287247928
28,15,ulva,ambient,16.6,purple,,,0,4.174227468,4.445838159,4.310032814
28,16,ulva,ambient,15,,,,0,3.022940436,2.82229909,2.922619763
28,17,ulva,ambient,6.2,,,,0,2.21577143,2.172885531,2.194328481
28,18,ulva,ambient,21.1,,,,0,4.567370577,4.264008937,4.415689757
28,19,ulva,ambient,23.7,green red,,,0,3.773959081,3.745368481,3.759663781
29,1,kelp,warm,12.3,orange,,,0,2.812016926,3.03475094,2.923383933
29,2,kelp,warm,20,red,,,0,3.47481347,3.488255954,3.481534712
29,3,kelp,warm,15.9,,,,0,3.062592692,2.979067437,3.020830064
29,4,kelp,warm,9.1,,,,0,2.352628022,2.408311526,2.380469774
29,5,kelp,warm,7.3,purple,,,0,2.60335267,2.798234563,2.700793617
29,6,kelp,warm,28,purple red,,,0,4.719176921,4.287629769,4.503403345
29,7,kelp,warm,18.4,,,,0,3.233136533,3.537121708,3.385129121
29,8,kelp,warm,13.9,,,,0,2.951225685,2.992988313,2.972106999
29,9,kelp,warm,8.6,purple,,,0,2.853779554,2.853779554,2.853779554
29,10,kelp,warm,14.8,orange,,,0,2.839858678,2.951225685,2.895542181
29,11,kelp,warm,9.3,green orange,,,0,2.603203788,2.463995029,2.533599409
29,12,kelp,warm,20.7,,,,0,3.297955095,3.339385712,3.318670404
29,13,kelp,warm,25.3,,,,0,3.549823347,3.689032106,3.619427727
29,14,kelp,warm,8,,,,0,2.129894008,2.269102767,2.199498388
29,15,kelp,warm,22.5,,,,0,3.456780814,3.743758104,3.600269459
29,16,kelp,warm,24.4,light purple,,,0,4.037054003,3.910998167,3.974026085
29,17,kelp,warm,24,purple,,,0,4.55270641,5.332336035,4.942521223
29,18,kelp,warm,6.4,,,,0,2.185577512,2.199498388,2.19253795
29,19,kelp,warm,18.5,green orange,,,0,3.327817333,3.258228506,3.293022919
30,1,formulated,warm,14.3,,,,0,3.033900784,3.231457114,3.132678949
30,2,formulated,warm,15.4,,,,0,3.146790116,3.203234782,3.175012449
30,3,formulated,warm,11.6,,,,0,2.760068043,2.675406079,2.717737061
30,4,formulated,warm,22,,,,0,3.886339233,3.858159097,3.872249165
30,5,formulated,warm,18.5,,,,0,3.273767805,3.23799002,3.255878912
30,6,formulated,warm,16.2,,,,0,3.217345948,3.217345948,3.217345948
30,7,formulated,warm,8.9,,,,0,2.441231794,2.356564795,2.398898295
30,8,formulated,warm,22.9,,,,0,3.52779161,3.429013445,3.478402527
30,9,formulated,warm,17.5,,,,0,3.160901282,3.52779161,3.344346446
30,10,formulated,warm,15.1,,,,0,2.964159592,3.10273233,3.033445961
30,11,formulated,warm,22.7,purple,,,0,4.192536552,4.573411409,4.38297398
30,12,formulated,warm,10.4,purple,,,0,3.259679447,3.330235279,3.294957363
30,13,formulated,warm,24.7,purple,,,0,4.543275159,4.650806907,4.597041033
30,14,formulated,warm,25.6,light purple,,,0,3.672429371,3.674678879,3.673554125
30,15,formulated,warm,26.6,,,,0,3.913973105,4.297829046,4.105901075
30,16,formulated,warm,28.4,,,,0,3.824126105,3.880570771,3.852348438
30,17,formulated,warm,17.2,,,,0,3.206318173,3.298279518,3.252298845
30,18,formulated,warm,21.6,,,,0,3.245568281,3.457235777,3.351402029
30,19,formulated,warm,10.9,red,,,0,2.897775357,3.573470064,3.23562271
31,1,mixed,ambient,16.5,,,,0,3.294088704,3.08018684,3.187137772
31,2,mixed,ambient,8.4,,,,0,2.595342615,2.623862863,2.609602739
31,3,mixed,ambient,17.1,,,,0,3.734580618,3.813143628,3.773862123
31,4,mixed,ambient,25.8,,,,0,4.410397318,4.260920594,4.335658956
31,5,mixed,ambient,19.8,purple,,,0,3.945457101,4.591018159,4.26823763
31,6,mixed,ambient,10,,,,0,2.966105846,3.194267834,3.08018684
31,7,mixed,ambient,18.5,red,,,0,3.999761496,4.621099924,4.31043071
31,8,mixed,ambient,9.4,,,,0,2.994626094,3.322608952,3.158617523
31,9,mixed,ambient,6.1,,,,0,2.311240186,2.425730549,2.368485368
31,10,mixed,ambient,18.6,,,,0,3.308348828,3.322608952,3.31547889
31,11,mixed,ambient,12.8,purple,,,0,3.848873316,3.748121142,3.798497229
31,12,mixed,ambient,21.2,,,,0,3.694363101,3.808414412,3.751388757
31,13,mixed,ambient,11.2,,,,0,3.066133978,2.973543664,3.019838821
31,14,mixed,ambient,16.2,purple,,,0,4.394640848,4.362759111,4.37869998
31,15,mixed,ambient,16.5,,,,0,3.281347241,3.566855893,3.424101567
31,16,mixed,ambient,17.4,,,,0,3.660000558,3.412023421,3.53601199
31,17,mixed,ambient,9.4,,,,0,2.638122988,2.68090336,2.659513174
31,18,mixed,ambient,10.2,,,,0,2.811966699,2.744333034,2.778149866
31,19,mixed,ambient,18.8,,,,0,3.86163138,4.054247624,3.957939502
32,1,kelp,ambient,31.2,green orange,,,0,4.913211695,4.564677876,4.738944786
32,2,kelp,ambient,29.5,,,,0,3.931181758,4.074133822,4.00265779
32,3,kelp,ambient,13.7,,,,0,3.1306502,2.959107724,3.044878962
32,4,kelp,ambient,23.3,purple,,,0,4.426952155,4.539876004,4.483414079
32,5,kelp,ambient,24.6,orange,,,0,4.259971505,4.131314648,4.195643077
32,6,kelp,ambient,17.2,light purple,,,0,3.602392011,4.059838616,3.831115314
32,7,kelp,ambient,21.1,light purple red,,,0,3.88966892,4.25577802,4.07272347
32,8,kelp,ambient,5.7,,,,0,2.129985753,2.187166578,2.158576165
32,9,kelp,ambient,33.4,,,,0,4.405991561,4.656250681,4.531121121
32,10,kelp,ambient,23.7,,,,0,4.60583586,4.642119287,4.623977573
32,11,kelp,ambient,12.8,,,,0,2.916222104,2.97340293,2.944812517
32,12,kelp,ambient,19,,,,0,3.448109276,3.405260992,3.426685134
32,13,kelp,ambient,27.1,green red,,,0,3.918920743,3.93170155,3.925311146
32,14,kelp,ambient,18.9,,,,0,3.341303821,3.270713858,3.306008839
32,15,kelp,ambient,5.7,,,,0,2.25864261,2.144280959,2.201461785
32,16,kelp,ambient,12.1,,,,0,2.844746072,2.81615566,2.830450866
32,17,kelp,ambient,17.5,purple,,,0,4.479865435,4.348105043,4.413985239
32,18,kelp,ambient,24.2,purple,,,0,4.612419841,4.876975751,4.744697796
32,19,kelp,ambient,7.8,,,,0,2.473070706,2.444480293,2.4587755
1,1,formulated,warm,22.12,,,,1,3.777672362,3.854641309,3.816156835
1,2,formulated,warm,25.67,purple,,,1,4.66363777,4.747308642,4.705473206
1,3,formulated,warm,17.85,purple,,,1,4.284833206,4.570973566,4.427903386
1,4,formulated,warm,9.19,,,,1,2.60939503,2.651256983,2.630326006
1,5,formulated,warm,26.5,,,,1,3.600127903,3.809437665,3.704782784
1,6,formulated,warm,16.44,,,,1,3.2512783,3.348956189,3.300117244
1,7,formulated,warm,22.95,,,,1,3.48849603,3.432680093,3.460588062
1,8,formulated,warm,25.16,,,,1,3.85601126,4.010125954,3.933068607
1,9,formulated,warm,6.72,,,,1,2.232637459,2.260545427,2.246591443
1,10,formulated,warm,18.82,light purple,,,1,3.787844908,3.718586229,3.753215569
1,11,formulated,warm,23.89,,,,1,4.130220193,4.165451243,4.147835718
1,12,formulated,warm,35.56,light purple,,,1,4.714423283,4.714423283,4.714423283
1,13,formulated,warm,21.84,red,,,1,3.859985783,4.183636223,4.021811003
1,14,formulated,warm,19.54,,,,1,3.474065672,3.345611376,3.409838524
1,15,formulated,warm,18.49,light purple,,,1,3.812458552,3.489256439,3.650857496
1,16,formulated,warm,12.62,,,,1,3.119737639,3.232087336,3.175912487
1,17,formulated,warm,15.39,,,,1,3.156632093,3.401718322,3.279175207
1,18,formulated,warm,11.94,,,,1,2.762888856,2.902428697,2.832658776
1,19,formulated,warm,8.07,purple,,,1,3.167554395,3.293140252,3.230347324
2,1,mixed,warm,21.18,light purple,,,1,3.770507258,3.656680624,3.713593941
2,2,mixed,warm,25.33,red,,,1,4.008464054,4.008464054,4.008464054
2,3,mixed,warm,21.35,,yes,,1,3.569333156,3.668350547,3.618841852
2,4,mixed,warm,17.92,,,,1,3.093516597,3.243068245,3.168292421
2,5,mixed,warm,9.69,,,,1,2.539268502,2.6799163,2.609592401
2,6,mixed,warm,19.09,,,,1,3.386342367,3.500169002,3.443255685
2,7,mixed,warm,29.05,light purple,,,1,4.48606045,4.393312037,4.439686243
2,8,mixed,warm,16.79,,,,1,3.044862465,3.073319123,3.059090794
2,9,mixed,warm,19.85,light purple,,,1,3.34514043,3.558903079,3.452021754
2,10,mixed,warm,27.59,purple,,,1,4.838515912,4.874220463,4.856368188
2,11,mixed,warm,8.62,purple,,,1,2.893655312,2.93553916,2.914597236
2,12,mixed,warm,26.55,light purple,,,1,4.046552855,3.828927741,3.937740298
2,13,mixed,warm,25.22,,,,1,3.941247209,4.083530502,4.012388856
2,14,mixed,warm,20.8,light purple,,,1,4.114626432,4.168080933,4.141353682
2,15,mixed,warm,26.6,,,,1,4.293561917,4.203983754,4.248772835
2,16,mixed,warm,8.03,,,,1,2.546393968,2.697535135,2.621964551
2,17,mixed,warm,20.02,,,,1,3.315200721,3.642452294,3.478826508
2,18,mixed,warm,20.89,purple,,,1,4.481923722,4.481923722,4.481923722
2,19,mixed,warm,5.99,light purple,,,1,2.18075547,2.432971499,2.306863485
3,1,formulated,ambient,31.64,purple,,,1,5.318184333,5.926255432,5.622219883
3,2,formulated,ambient,25.29,purple,,,1,5.17080093,5.137991774,5.154396352
3,3,formulated,ambient,18.13,,,,1,3.204302764,3.278375979,3.241339372
3,4,formulated,ambient,22.82,,,,1,4.032283246,4.284300949,4.158292098
3,5,formulated,ambient,24.31,,,,1,3.983067261,3.903622231,3.943344746
3,6,formulated,ambient,23.15,,,,1,3.602370694,3.750616402,3.676493548
3,7,formulated,ambient,16.37,,,,1,3.471807179,3.330789428,3.401298303
3,8,formulated,ambient,31.71,orange,,,1,4.624725566,4.528081357,4.576403461
3,9,formulated,ambient,4.98,,,,1,2.119913619,2.045790765,2.082852192
3,10,formulated,ambient,15.56,,,,1,3.323688931,3.21229156,3.267990246
3,11,formulated,ambient,18.66,,,,1,3.694918317,4.11965726,3.907287789
3,12,formulated,ambient,23.59,,,,1,3.735791831,3.720967261,3.728379546
3,13,formulated,ambient,30.31,,,,1,4.187488606,4.578848926,4.383168766
3,14,formulated,ambient,13.27,purple,,,1,3.795090114,3.543072411,3.669081263
3,15,formulated,ambient,13.42,purple,,,1,4.281825198,4.019140447,4.150482823
3,16,formulated,ambient,26.19,,,,1,3.801599236,3.906070446,3.853834841
3,17,formulated,ambient,23.06,light purple,,,1,3.928511251,4.047107817,3.987809534
3,18,formulated,ambient,18.2,,,,1,3.534696553,3.619207263,3.576951908
3,19,formulated,ambient,7.44,,,,1,2.460878746,2.564650741,2.512764744
4,1,mixed,ambient,24.88,light purple,,,1,4.585445454,4.721816511,4.653630983
4,2,mixed,ambient,6.95,,,,1,2.135150718,2.362590241,2.248870479
4,3,mixed,ambient,11.34,,,,1,2.771858582,2.845188174,2.808523378
4,4,mixed,ambient,13.63,,,,1,3.841910819,3.827355152,3.834632985
4,5,mixed,ambient,11.92,,,,1,2.6078131,2.622412213,2.615112656
4,6,mixed,ambient,27.23,,,,1,3.901134301,3.857136546,3.879135423
4,7,mixed,ambient,15.08,light purple,,,1,3.335102082,3.469845962,3.402474022
4,8,mixed,ambient,18.19,,,,1,3.431824911,3.431824911,3.431824911
4,9,mixed,ambient,21.31,,,,1,3.886468383,3.783806954,3.835137668
4,10,mixed,ambient,14.91,,,,1,3.278128042,3.446873059,3.36250055
4,11,mixed,ambient,17.14,,,,1,3.459929192,3.198868456,3.329398824
4,12,mixed,ambient,20.67,,,,1,3.544452417,3.544452417,3.544452417
4,13,mixed,ambient,7.16,red,,,1,2.707292393,2.729053158,2.718172775
4,14,mixed,ambient,12.55,,,,1,2.874520011,2.991847359,2.933183685
4,15,mixed,ambient,21.01,light purple,,,1,3.974463893,4.121123077,4.047793485
4,16,mixed,ambient,11.89,,,,1,2.88918593,3.065176951,2.97718144
4,17,mixed,ambient,9.62,,,,1,2.61053348,2.551869806,2.581201643
4,18,mixed,ambient,7.15,,,,1,2.449208377,2.507872051,2.478540214
4,19,mixed,ambient,13.24,purple,,,1,4.137667315,3.763637297,3.950652306
5,1,mixed,warm,26.34,,,,1,3.565710852,3.70800924,3.636860046
5,2,mixed,warm,19.6,red,,,1,3.581433561,3.767474594,3.674454078
5,3,mixed,warm,14.12,,,,1,2.777845748,3.130157891,2.95400182
5,4,mixed,warm,32.73,,,,1,4.078690586,4.322598993,4.200644789
5,5,mixed,warm,18.23,purple,,,1,3.858345296,4.043384217,3.950864756
5,6,mixed,warm,12.36,purple,,,1,3.233383932,3.531775289,3.382579611
5,7,mixed,warm,9.93,,,,1,2.452634538,2.384882203,2.418758371
5,8,mixed,warm,13.69,light purple,,,1,3.116607424,3.617974706,3.367291065
5,9,mixed,warm,20.27,light purple,,,1,4.142017838,4.21169465,4.176856244
5,10,mixed,warm,19.45,,,,1,3.21877077,3.326936326,3.272853548
5,11,mixed,warm,18.49,,,,1,3.072372314,3.127839962,3.100106138
5,12,mixed,warm,20.76,,,,1,3.441818634,3.482470035,3.462144335
5,13,mixed,warm,7.68,,,,1,2.181625197,2.290028934,2.235827065
5,14,mixed,warm,7.06,,,,1,2.140973796,2.181625197,2.161299497
5,15,mixed,warm,16.7,,,,1,3.170809293,3.18435976,3.177584526
5,16,mixed,warm,20.9,,,,1,3.388944451,3.606054002,3.497499226
5,17,mixed,warm,16.64,,,,1,2.967552287,3.08950649,3.028529389
5,18,mixed,warm,13.53,,,,1,2.845598083,2.886249484,2.865923784
5,19,mixed,warm,26.77,,,,1,3.577323305,3.739928909,3.658626107
6,1,ulva,warm,14.1,purple,,,1,3.750619077,4.141497409,3.946058243
6,2,ulva,warm,19.83,,,,1,3.329023652,3.510100252,3.419561952
6,3,ulva,warm,23.62,,,,1,3.945323682,3.935476144,3.940399913
6,4,ulva,warm,18.88,red,,,1,4.005214498,4.117430171,4.061322334
6,5,ulva,warm,19.04,,,,1,3.833681522,3.758680155,3.796180838
6,6,ulva,warm,21.31,,,,1,3.538314623,3.808751779,3.673533201
6,7,ulva,warm,20.12,,,,1,3.354084517,3.625714978,3.489899747
6,8,ulva,warm,16.06,,,,1,3.083568335,3.045041211,3.064304773
6,9,ulva,warm,20.81,purple,,,1,4.176537035,4.099621263,4.138079149
6,10,ulva,warm,15.18,,,,1,2.952941482,2.980799421,2.966870451
6,11,ulva,warm,29.4,light purple,,,1,4.220477684,4.067259023,4.143868353
6,12,ulva,warm,16.8,purple,,,1,3.972254113,3.936807,3.954530557
6,13,ulva,warm,28.13,light purple,,,1,3.997614176,3.941898299,3.969756238
6,14,ulva,warm,7.16,,,,1,2.298279927,2.367924773,2.33310235
6,15,ulva,warm,17.66,,,,1,3.511267715,3.434451406,3.47285956
6,16,ulva,warm,13.35,,,,1,2.750927349,2.933561296,2.842244323
6,17,ulva,warm,10.43,,,,1,2.682230908,2.856466199,2.769348553
6,18,ulva,warm,20.06,,,,1,3.60101572,3.733515941,3.66726583
6,19,ulva,warm,10.95,,,,1,2.623975296,2.888977021,2.756476158
7,1,kelp,ambient,23.55,,,,1,3.77031081,3.780439174,3.775374992
7,2,kelp,ambient,18.92,,,,1,3.619682999,3.641429085,3.630556042
7,3,kelp,ambient,32.82,purple,,,1,4.967750015,4.931224626,4.949487321
7,4,kelp,ambient,12.67,,,,1,2.713560719,2.770990575,2.742275647
7,5,kelp,ambient,9.64,,,,1,2.541271149,2.512556221,2.526913685
7,6,kelp,ambient,28.52,purple,,,1,4.965711155,4.976099055,4.970905105
7,7,kelp,ambient,12.92,,,,1,3.10121225,3.144284642,3.122748446
7,8,kelp,ambient,7.28,,,,1,2.417218839,2.35899733,2.388108084
7,9,kelp,ambient,6.95,,,,1,2.281131774,2.273483023,2.277307398
7,10,kelp,ambient,21.98,red,,,1,4.39540111,3.954979734,4.175190422
7,11,kelp,ambient,16.75,,,,1,3.273501819,3.172999571,3.223250695
7,12,kelp,ambient,18.06,,,,1,3.244786891,3.216071963,3.230429427
7,13,kelp,ambient,11.32,,,,1,2.586585923,2.708247433,2.647416678
7,14,kelp,ambient,8.77,,,,1,2.521738475,2.643421261,2.582579868
7,15,kelp,ambient,4.54,,,,1,1.909542728,1.981330049,1.945436388
7,16,kelp,ambient,4.53,,,,1,1.794683015,1.966972584,1.8808278
7,17,kelp,ambient,10.92,red,,,1,3.201714499,3.302216748,3.251965623
7,18,kelp,ambient,8.19,,,,1,2.526913685,2.426411436,2.476662561
7,19,kelp,ambient,7.33,,,,1,2.081832297,2.167977082,2.12490469
8,1,ulva,ambient,13.57,,,,1,3.095861299,3.019046576,3.057453938
8,2,ulva,ambient,17.44,red,,,1,3.830556373,4.126904922,3.978730648
8,3,ulva,ambient,31.48,,yes,,1,4.479690436,4.326117209,4.402903823
8,4,ulva,ambient,24.35,,,,1,3.887538888,3.743020713,3.8152798
8,5,ulva,ambient,14.57,,,,1,3.098491226,3.231686188,3.165088707
8,6,ulva,ambient,27.53,,,,1,4.032057062,4.32109341,4.176575236
8,7,ulva,ambient,14.74,,,,1,3.280562556,3.179399834,3.229981195
8,8,ulva,ambient,26.61,purple,,,1,5.247582071,5.064820809,5.15620144
8,9,ulva,ambient,12.91,,,,1,2.933718937,2.962622572,2.948170755
8,10,ulva,ambient,25.69,,,,1,3.887538888,3.974249792,3.93089434
8,11,ulva,ambient,15.92,light purple,,,1,3.30946619,3.179399834,3.244433012
8,12,ulva,ambient,26.59,light purple,,,1,4.504106615,4.435560365,4.46983349
8,13,ulva,ambient,17.14,,,,1,3.107392803,3.326069376,3.216731089
8,14,ulva,ambient,12.68,,,,1,2.716941676,2.702489859,2.709715767
8,15,ulva,ambient,23.09,,yes,,1,3.668200371,3.471716398,3.569958385
8,16,ulva,ambient,17.47,purple,,,1,4.759905225,4.655695096,4.70780016
8,17,ulva,ambient,7.25,,,,1,2.399001693,2.427905328,2.41345351
8,18,ulva,ambient,17.55,,,,1,3.063785294,3.208303469,3.136044381
8,19,ulva,ambient,7.21,,,,1,2.283387153,2.529068049,2.406227601
9,1,ulva,warm,15.67,,,,1,2.988643037,3.176008311,3.082325674
9,2,ulva,warm,18.36,,,,1,3.220746759,3.276038549,3.248392654
9,3,ulva,warm,24.79,,,,1,3.607789288,3.732195816,3.669992552
9,4,ulva,warm,26.94,purple,,,1,4.824287879,5.216967899,5.020627889
9,5,ulva,warm,31.21,,,,1,4.037939435,4.169429234,4.103684335
9,6,ulva,warm,6.6,,,,1,2.253140437,2.156379805,2.204760121
9,7,ulva,warm,14.99,light purple,,,1,3.480426303,3.372381351,3.426403827
9,8,ulva,warm,21.11,,,,1,3.28399749,3.373995731,3.32899661
9,9,ulva,warm,17.04,,,,1,3.182791812,3.210288411,3.196540111
9,10,ulva,warm,14.81,,,,1,2.902366395,2.881222555,2.891794475
9,11,ulva,warm,14.04,,,,1,2.976631402,3.039202204,3.007916803
9,12,ulva,warm,32.09,purple,,,1,5.556824881,4.782739823,5.169782352
9,13,ulva,warm,8.88,light purple,,,1,2.584891176,2.681651808,2.633271492
9,14,ulva,warm,4.95,,,,1,1.90756675,2.031973277,1.969770014
9,15,ulva,warm,6.61,,,,1,2.529599386,2.377546964,2.453573175
9,16,ulva,warm,16.58,,,,1,2.985756652,2.958110757,2.971933705
9,17,ulva,warm,18.81,light purple,,,1,3.400143037,3.733635428,3.566889233
9,18,ulva,warm,17.93,,,,1,3.74971496,3.485713233,3.617714097
9,19,ulva,warm,7.56,light purple,,,1,2.432838754,2.681651808,2.557245281
10,1,kelp,warm,20.45,,yes,,1,3.340249812,3.607188922,3.473719367
10,2,kelp,warm,18.37,,,,1,3.270641763,3.462227473,3.366434618
10,3,kelp,warm,19.06,light purple,,,1,3.886452973,3.913822361,3.900137667
10,4,kelp,warm,9.05,,,,1,2.572722391,2.750623407,2.661672899
10,5,kelp,warm,8.29,,,,1,2.559037697,2.668515246,2.613776472
10,6,kelp,warm,11.88,purple,,,1,3.525502166,4.059190152,3.792346159
10,7,kelp,warm,20.7,purple,,,1,4.385640055,3.980458423,4.183049239
10,8,kelp,warm,20.46,orange,,,1,3.421173392,3.434858086,3.428015739
10,9,kelp,warm,7.44,,yes,,1,2.586407084,2.367451987,2.476929536
10,10,kelp,warm,12.67,,,,1,3.033691626,3.098374496,3.066033061
10,11,kelp,warm,18.67,light purple,,,1,3.586329761,3.627373203,3.606851482
10,12,kelp,warm,17,,yes,yes,1,2.963020583,3.01511565,2.989068116
10,13,kelp,warm,21.63,,yes,yes,1,3.503281554,3.516966247,3.5101239
10,14,kelp,warm,12.01,,yes,,1,2.942209117,2.819046875,2.880627996
10,15,kelp,warm,8.31,purple,,,1,3.143222487,3.033066542,3.088144515
10,16,kelp,warm,6.47,,,,1,2.257974439,2.449560149,2.353767294
10,17,kelp,warm,19.5,red,,,1,4.214885619,4.29699378,4.2559397
10,18,kelp,warm,8.68,purple,,,1,3.066470825,3.326394064,3.196432444
10,19,kelp,warm,8.21,light purple,yes,,1,2.96759924,2.989197269,2.978398255
11,1,kelp,ambient,27.16,,,,1,4.136072363,4.306619333,4.221345848
11,2,kelp,ambient,17.32,,,,1,3.477550166,3.564311074,3.52093062
11,3,kelp,ambient,17.65,,yes,,1,3.913704861,3.638588008,3.776146434
11,4,kelp,ambient,21.25,,,,1,3.599975849,3.907666092,3.75382097
11,5,kelp,ambient,14.39,,yes,,1,3.040905788,3.018650555,3.029778171
11,6,kelp,ambient,27.02,purple,,,1,5.045812502,4.934957818,4.99038516
11,7,kelp,ambient,11.94,,yes,,1,2.965351142,2.942739008,2.954045075
11,8,kelp,ambient,24.48,,,,1,3.634458724,3.685046534,3.659752629
11,9,kelp,ambient,21.15,light purple,,,1,3.917955995,3.746057635,3.832006815
11,10,kelp,ambient,10.34,,,,1,2.784894178,2.581828978,2.683361578
11,11,kelp,ambient,10.3,,yes,,1,2.716091461,2.789913403,2.753002432
11,12,kelp,ambient,18.62,,,,1,3.157129475,3.002052341,3.079590908
11,13,kelp,ambient,19.15,purple,,,1,4.446818958,4.511682883,4.479250921
11,14,kelp,ambient,27.53,light purple,,,1,3.959771409,4.06130401,4.01053771
11,15,kelp,ambient,10.77,purple,,,1,3.191024579,3.611659637,3.401342108
11,16,kelp,ambient,22.46,,,,1,3.600487168,3.777481706,3.688984437
11,17,kelp,ambient,5.46,light purple,,,1,2.088670634,2.378763777,2.233717205
11,18,kelp,ambient,25.66,,,,1,3.834610019,4.110579923,3.972594971
11,19,kelp,ambient,6.76,red,,,1,2.535464276,2.899598514,2.717531395
12,1,formulated,ambient,14.94,,,,1,2.935364583,2.992920751,2.964142667
12,2,formulated,ambient,25.36,,,,1,3.763071515,3.835010403,3.799040959
12,3,formulated,ambient,22.57,light purple,,,1,3.654986632,3.524816061,3.589901346
12,4,formulated,ambient,12.49,purple,,,1,4.036023704,3.954533131,3.995278418
12,5,formulated,ambient,20.49,red,,,1,4.555876125,4.323422293,4.439649209
12,6,formulated,ambient,28.77,purple,,,1,4.97663279,4.892803285,4.934718038
12,7,formulated,ambient,8.97,,,,1,2.532471405,2.489304278,2.510887842
12,8,formulated,ambient,10.78,,,,1,2.920975541,2.820252246,2.870613893
12,9,formulated,ambient,23.92,purple,,,1,4.984188461,4.600275992,4.792232227
12,10,formulated,ambient,15.58,,,,1,3.079255003,3.108033087,3.093644045
12,11,formulated,ambient,27.57,,,,1,4.057709864,4.02893178,4.043320822
12,12,formulated,ambient,14.16,orange,,,1,3.482148181,3.395813929,3.438981055
12,13,formulated,ambient,9.31,,,,1,2.690750867,2.820252246,2.755501557
12,14,formulated,ambient,23.47,,,,1,3.821618242,3.929690594,3.875654418
12,15,formulated,ambient,6.59,,,,1,2.259079605,2.3598029,2.309441253
12,16,formulated,ambient,15.52,light purple,,,1,3.383750826,3.237022815,3.31038682
12,17,formulated,ambient,13.07,,,,1,3.037119144,3.08799202,3.062555582
12,18,formulated,ambient,11.78,,,,1,2.863419372,2.935364583,2.899391977
12,19,formulated,ambient,6.42,,,,1,2.287857689,2.345413858,2.316635774
13,1,formulated,warm,25.12,,,,1,3.819044716,4.137298442,3.978171579
13,2,formulated,warm,32.14,orange,,,1,4.90726342,4.90726342,4.90726342
13,3,formulated,warm,29.81,red,,,1,4.386366576,5.133570977,4.759968776
13,4,formulated,warm,25.22,,,,1,3.736022004,3.998927257,3.867474631
13,5,formulated,warm,36.35,,,,1,4.694725514,4.575762708,4.635244111
13,6,formulated,warm,21.39,,,,1,3.473116752,3.860556071,3.666836412
13,7,formulated,warm,14.23,,,,1,2.999121628,3.039327102,3.019224365
13,8,formulated,warm,20.62,,,,1,3.411712675,3.398414341,3.405063508
13,9,formulated,warm,32.09,,,,1,4.382310687,4.185408147,4.283859417
13,10,formulated,warm,16.18,,yes,,1,3.071840315,3.071840315,3.071840315
13,11,formulated,warm,18.05,,,,1,3.461852381,3.336582355,3.399217368
13,12,formulated,warm,19.27,light purple,,,1,3.99722718,4.046334042,4.021780611
13,13,formulated,warm,11.03,,yes,,1,2.768288392,2.699124963,2.733706678
13,14,formulated,warm,25.82,,,,1,3.833187787,4.047735605,3.940461696
13,15,formulated,warm,19.73,,,,1,3.417768278,3.473116752,3.445442515
13,16,formulated,warm,16.06,purple,,,1,3.895763256,4.041202662,3.968482959
13,17,formulated,warm,26.37,,,,1,3.782250494,4.116193914,3.949222204
13,18,formulated,warm,22.58,,,,1,3.507211432,3.742729548,3.62497049
13,19,formulated,warm,27.54,purple,,,1,4.763065031,5.231181178,4.997123105
14,1,mixed,warm,26.63,purple,,,1,4.469229642,4.538157532,4.503693587
14,2,mixed,warm,26.4,purple red,,,1,4.453998137,4.551781305,4.502889721
14,3,mixed,warm,21.64,,,,1,4.15203853,4.216660807,4.184349668
14,4,mixed,warm,22.32,,,,1,3.450185778,3.560418086,3.505301932
14,5,mixed,warm,11.39,,,,1,2.655415567,2.731068783,2.693242175
14,6,mixed,warm,22.75,purple,,,1,4.169160411,4.48749853,4.32832947
14,7,mixed,warm,7.42,light purple,,,1,2.566462084,2.566462084,2.566462084
14,8,mixed,warm,4.36,,,,1,1.875401342,1.861611626,1.868506484
14,9,mixed,warm,11.94,,,,1,2.895840307,2.937209454,2.916524881
14,10,mixed,warm,19.53,,,,1,3.269682348,3.23480544,3.252243894
14,11,mixed,warm,29.78,,,,1,3.874910125,3.971438136,3.92317413
14,12,mixed,warm,13,,,,1,2.882050591,2.702784287,2.792417439
14,13,mixed,warm,22.01,,,,1,4.391975758,4.194545028,4.293260393
14,14,mixed,warm,5.57,light purple,,,1,2.358041393,2.564887129,2.461464261
14,15,mixed,warm,22.59,red,,,1,4.081755862,4.178283872,4.130019867
14,16,mixed,warm,9.02,light purple,,,1,2.532656901,2.582214025,2.557435463
14,17,mixed,warm,6.44,,,,1,2.182110868,2.287119037,2.234614952
14,18,mixed,warm,4.82,,,,1,1.971929352,2.027088215,1.999508784
14,19,mixed,warm,6.48,,,,1,2.068457362,2.20635452,2.137405941
15,1,ulva,ambient,11.27,,,,1,2.978410116,3.490679758,3.234544937
15,2,ulva,ambient,26.4,,,,1,3.8952589,3.954836102,3.925047501
15,3,ulva,ambient,5.35,,,,1,2.144762058,2.246203507,2.195482782
15,4,ulva,ambient,19.81,light purple,,,1,3.724350331,3.883758321,3.804054326
15,5,ulva,ambient,12.46,orange,,,1,2.999768554,3.347567807,3.173668181
15,6,ulva,ambient,12.89,,,,1,3.072226732,3.115701638,3.093964185
15,7,ulva,ambient,28.51,purple,,,1,4.9750705,5.127402992,5.051236746
15,8,ulva,ambient,8.12,,,,1,2.565019488,2.666460937,2.615740213
15,9,ulva,ambient,6.28,red,,,1,2.534265549,2.468655535,2.501460542
15,10,ulva,ambient,21.6,,,,1,3.405534349,3.420025985,3.412780167
15,11,ulva,ambient,24.76,purple,,,1,4.684296496,4.75795949,4.721127993
15,12,ulva,ambient,8.15,red,,,1,3.260617994,2.941802012,3.101210003
15,13,ulva,ambient,18.42,,,,1,3.301652892,3.486352907,3.3940029
15,14,ulva,ambient,6.12,,yes,,1,2.246203507,2.275186778,2.260695142
15,15,ulva,ambient,7.17,,,,1,2.376628227,2.347644955,2.362136591
15,16,ulva,ambient,26.52,purple,,,1,4.713263825,4.691268325,4.702266075
15,17,ulva,ambient,10.01,,,,1,2.666460937,2.811377292,2.738919115
15,18,ulva,ambient,4.9,,,,1,2.074443586,2.081366671,2.077905128
15,19,ulva,ambient,5.36,,mortality,,1,2.246203507,2.376628227,2.311415867
16,1,mixed,ambient,6.4,,yes,,1,2.424091699,2.525700333,2.474896016
16,2,mixed,ambient,24.25,purple,,,1,4.454656508,4.994857424,4.724756966
16,3,mixed,ambient,31.49,purple,,,1,5.622773289,5.830560805,5.726667047
16,4,mixed,ambient,18.44,,,,1,3.571673199,3.487140118,3.529406658
16,5,mixed,ambient,11.87,,,,1,2.932134869,3.019227984,2.975681426
16,6,mixed,ambient,22.89,,,,1,3.75520857,3.784801583,3.770005076
16,7,mixed,ambient,17.74,,,,1,3.498240116,3.42566252,3.461951318
16,8,mixed,ambient,17.97,,,,1,3.641312805,3.521771279,3.581542042
16,9,mixed,ambient,6.75,,,,1,2.22087443,2.177327873,2.199101152
16,10,mixed,ambient,14.59,,,,1,3.396631482,3.178898695,3.287765088
16,11,mixed,ambient,6.69,light purple,,,1,2.438801614,2.527055585,2.4829286
16,12,mixed,ambient,6.89,,,,1,2.337674675,2.429257891,2.383466283
16,13,mixed,ambient,18.46,purple,,,1,4.262239423,4.307576609,4.284908016
16,14,mixed,ambient,15.24,,,,1,3.114018692,3.107516364,3.110767528
16,15,mixed,ambient,9.87,,,,1,2.646645301,2.751102569,2.698873935
16,16,mixed,ambient,7.14,,,,1,2.39506066,2.496669294,2.445864977
16,17,mixed,ambient,11.97,,yes,,1,2.685371043,2.830526235,2.757948639
16,18,mixed,ambient,10.8,light purple,,,1,3.6597608,3.231985545,3.445873172
16,19,mixed,ambient,11.39,purple,,,1,3.313228854,3.742105342,3.527667098
17,1,ulva,warm,21.71,,,,1,3.627984129,3.654957989,3.641471059
17,2,ulva,warm,29.06,red,,,1,4.208511044,4.784900605,4.496705825
17,3,ulva,warm,16.75,purple,,,1,4.022096677,4.511781213,4.266938945
17,4,ulva,warm,21.63,,,,1,3.466140971,3.56054948,3.513345226
17,5,ulva,warm,11.55,,,,1,2.886202988,3.088506935,2.987354962
17,6,ulva,warm,6.18,,,,1,2.171395706,2.144421846,2.157908776
17,7,ulva,warm,9.64,,,,1,2.504396135,2.436995299,2.470695717
17,8,ulva,warm,10.44,purple,,,1,3.034559216,3.223376234,3.128967725
17,9,ulva,warm,12.5,,,,1,2.805281409,2.764820619,2.785051014
17,10,ulva,warm,14.33,purple,,,1,3.816515195,3.816515195,3.816515195
17,11,ulva,warm,11.03,,,,1,2.712021729,2.69118328,2.701602505
17,12,ulva,warm,13.74,light purple,,,1,3.60101027,3.452654041,3.526832156
17,13,ulva,warm,22.7,,,,1,3.626410731,3.78481437,3.70561255
17,14,ulva,warm,23.99,,,,1,3.546043192,3.691583596,3.618813394
17,15,ulva,warm,19.01,,,,1,3.263837024,3.250350094,3.257093559
17,16,ulva,warm,20.35,light purple,,,1,4.056910197,3.773364836,3.915137516
17,17,ulva,warm,14.9,,,,1,2.964096125,3.119339113,3.041717619
17,18,ulva,warm,17.12,,,,1,3.131321239,3.212183529,3.171752384
17,19,ulva,warm,14.7,light purple,,,1,3.317784743,3.57403641,3.445910577
18,1,kelp,warm,8.64,purple,,,1,3.424889543,3.169296458,3.297093
18,2,kelp,warm,25.29,,,,1,3.631265957,3.638373336,3.634819646
18,3,kelp,warm,19.2,light purple,,,1,3.715337127,3.882908589,3.799122858
18,4,kelp,warm,24.62,light purple,,,1,4.28659519,4.509540388,4.398067789
18,5,kelp,warm,20.49,light purple,,,1,3.540006536,3.665439839,3.602723188
18,6,kelp,warm,16.37,,,,1,3.132834667,3.308284546,3.220559606
18,7,kelp,warm,10.5,,,,1,2.634099352,2.578351218,2.606225285
18,8,kelp,warm,12.96,,,,1,2.815280789,2.773469688,2.794375238
18,9,kelp,warm,4.05,red,,,1,2.018718099,2.081767857,2.050242978
18,10,kelp,warm,20.05,,yes,,1,3.49879229,3.479139751,3.48896602
18,11,kelp,warm,20.4,,,,1,3.289139932,3.317013999,3.303076965
18,12,kelp,warm,8.5,,,,1,2.369295713,2.383232747,2.37626423
18,13,kelp,warm,7.37,,,,1,2.383232747,2.369295713,2.37626423
18,14,kelp,warm,24.95,,,,1,3.747805425,3.841024717,3.794415071
18,15,kelp,warm,11.12,,yes,,1,2.70378452,2.675910453,2.689847486
18,16,kelp,warm,4.42,purple,,,1,2.466854949,2.090555041,2.278704995
18,17,kelp,warm,7.25,light purple,,,1,2.508666049,2.480791982,2.494729016
18,18,kelp,warm,14.21,,yes,,1,2.940714091,3.010399259,2.975556675
18,19,kelp,warm,9.24,,yes,yes,1,2.646018414,2.730591769,2.688305092
19,1,formulated,ambient,10.15,,yes,,1,2.751477269,2.9552904,2.853383835
19,2,formulated,ambient,25.92,,,,1,4.023597808,4.091915002,4.057756405
19,3,formulated,ambient,12.86,,,,1,2.76603535,3.188219693,2.977127521
19,4,formulated,ambient,19.95,,,,1,3.654078278,3.668636359,3.661357318
19,5,formulated,ambient,16.11,light purple,,,1,3.362916662,3.639520197,3.50121843
19,6,formulated,ambient,34.34,purple,,,1,5.388496173,5.84069403,5.614595101
19,7,formulated,ambient,16.13,,,,1,2.824267673,3.246452016,3.035359845
19,8,formulated,ambient,12.51,,,,1,2.780593431,2.838825754,2.809709592
19,9,formulated,ambient,18.59,purple,,,1,3.745906214,3.768863312,3.757384763
19,10,formulated,ambient,26.45,purple red,,,1,4.702260095,4.702260095,4.702260095
19,11,formulated,ambient,19.65,,,,1,3.566729793,3.421148985,3.493939389
19,12,formulated,ambient,25.16,,,,1,3.792491814,3.709519253,3.751005534
19,13,formulated,ambient,9.22,purple,,,1,3.650233734,3.63737953,3.643806632
19,14,formulated,ambient,4.49,,,,1,2.052689391,1.994457068,2.02357323
19,15,formulated,ambient,18.76,,,,1,3.421148985,3.624962116,3.523055551
19,16,formulated,ambient,7.99,orange,,,1,2.518547977,2.59133838,2.554943178
19,17,formulated,ambient,22.98,light purple,,,1,3.887007571,4.105378783,3.996193177
19,18,formulated,ambient,6.14,,,,1,2.329292926,2.285618684,2.307455805
19,19,formulated,ambient,20.21,,,,1,3.479381309,3.69775252,3.588566915
20,1,kelp,ambient,4.87,,,,1,1.891246794,1.920797525,1.906022159
20,2,kelp,ambient,20.62,,yes,,1,3.442660179,3.531312373,3.486986276
20,3,kelp,ambient,21.56,purple,,,1,4.444051969,4.884934514,4.664493242
20,4,kelp,ambient,23.67,,,,1,3.67384793,3.577538309,3.625693119
20,5,kelp,ambient,9.34,,,,1,2.497036783,2.659565804,2.578301293
20,6,kelp,ambient,5.48,red,,,1,2.30495703,2.467486051,2.386221541
20,7,kelp,ambient,9.35,,,,1,2.777768728,2.644790438,2.711279583
20,8,kelp,ambient,14.46,,,,1,2.910747019,3.058500674,2.984623847
20,9,kelp,ambient,30.21,,,,1,4.152515227,4.280044954,4.216280091
20,10,kelp,ambient,19,,,,1,3.210107568,3.218665108,3.214386338
20,11,kelp,ambient,21.91,,,,1,3.525720818,3.609886705,3.567803761
20,12,kelp,ambient,30.32,light purple,,,1,4.87587064,4.964522834,4.920196737
20,13,kelp,ambient,34.54,,,,1,4.830482589,4.50011163,4.665297109
20,14,kelp,ambient,20.03,purple,,,1,4.732945371,5.007176071,4.870060721
20,15,kelp,ambient,23.37,light purple,,,1,4.269249776,4.417673703,4.343461739
20,16,kelp,ambient,32.55,,,,1,3.698094251,3.979211966,3.838653109
20,17,kelp,ambient,24.36,,,,1,3.871145781,3.900696512,3.885921147
20,18,kelp,ambient,20.76,,,,1,3.226311963,3.391421174,3.308866569
20,19,kelp,ambient,8.78,purple,,,1,3.531528742,3.530199408,3.530864075
21,1,kelp,warm,16.87,purple,,,1,4.023703704,4.521481481,4.272592593
21,2,kelp,warm,25.99,red,,,1,4.106951813,4.584037379,4.345494596
21,3,kelp,warm,19.65,,,,1,3.472166296,3.728061207,3.600113751
21,4,kelp,warm,12.85,,,,1,2.757816675,2.953320937,2.855568806
21,5,kelp,warm,19.46,orange,,,1,3.801966297,4.174245479,3.988105888
21,6,kelp,warm,9.54,purple,,,1,3.313560082,3.202084978,3.25782253
21,7,kelp,warm,20.17,light purple,,,1,3.847735059,3.85371794,3.850726499
21,8,kelp,warm,20.31,,,,1,2.959012346,3.08345679,3.021234568
21,9,kelp,warm,14.71,,,,1,3.084572682,3.084975544,3.084774113
21,10,kelp,warm,22,,,,1,3.435736379,3.422047632,3.428892006
21,11,kelp,warm,21.41,,,,1,3.521537817,3.499808378,3.510673097
21,12,kelp,warm,20.82,,,,1,3.734773385,3.755703441,3.745238413
21,13,kelp,warm,22.02,,,,1,3.387654321,3.512098765,3.449876543
21,14,kelp,warm,20.77,light purple,,,1,3.455185801,3.44140775,3.448296775
21,15,kelp,warm,20.84,,,,1,3.387654321,3.263209877,3.325432099
21,16,kelp,warm,3.66,light purple,,,1,1.921975309,1.977283951,1.94962963
21,17,kelp,warm,12.07,,,,1,2.823628394,2.956273106,2.88995075
21,18,kelp,warm,13.61,,,,1,2.703925894,2.938930355,2.821428124
21,19,kelp,warm,8.78,purple,,,1,3.526603663,3.338536333,3.432569998
22,1,ulva,warm,39.76,purple,,,1,5.325494253,5.553666804,5.439580529
22,2,ulva,warm,23.76,,,,1,3.524776438,3.773584186,3.649180312
22,3,ulva,warm,14.37,,,,1,3.118961438,3.410499714,3.264730576
22,4,ulva,warm,20.57,,,,1,3.831643317,3.915716227,3.873679772
22,5,ulva,warm,32.61,,,,1,3.96731805,4.160825108,4.064071579
22,6,ulva,warm,20.44,,,,1,3.621535007,3.441840522,3.531687764
22,7,ulva,warm,18.73,,yes,,1,3.400372563,3.345081953,3.372727258
22,8,ulva,warm,8.73,,,,1,2.33772485,2.33772485,2.33772485
22,9,ulva,warm,16.37,,,,1,3.329660134,3.139910717,3.234785426
22,10,ulva,warm,13.52,light purple,,,1,3.045009917,3.054501319,3.049755618
22,11,ulva,warm,18.95,,yes,,1,3.345081953,3.317436647,3.3312593
22,12,ulva,warm,20.66,red,,,1,3.939456019,4.008569282,3.97401265
22,13,ulva,warm,25.39,,,,1,3.69064827,4.063859893,3.877254082
22,14,ulva,warm,20.22,,,,1,3.785401014,3.69797942,3.741690217
22,15,ulva,warm,19.69,,,,1,3.635778096,3.655274992,3.645526544
22,16,ulva,warm,17.54,,,,1,3.275968689,3.248323384,3.262146037
22,17,ulva,warm,26.83,purple,,,1,4.685879264,4.92086436,4.803371812
22,18,ulva,warm,11.58,light purple,,,1,3.046640906,3.220596506,3.133618706
22,19,ulva,warm,7.71,purple,,,1,2.750707887,2.985692983,2.868200435
23,1,mixed,ambient,27.36,purple,,,1,4.49035879,4.653128521,4.571743655
23,2,mixed,ambient,18.36,,,,1,3.576947035,3.726186424,3.651566729
23,3,mixed,ambient,30.58,purple,,,1,4.868733756,5.6858905,5.277312128
23,4,mixed,ambient,12.08,,,,1,3.012182763,3.058792247,3.035487505
23,5,mixed,ambient,17.95,,,,1,3.346468474,3.493889993,3.420179234
23,6,mixed,ambient,13.73,,,,1,3.022141133,3.272757715,3.147449424
23,7,mixed,ambient,12.91,,,,1,3.194389937,3.090160402,3.14227517
23,8,mixed,ambient,19.71,,,,1,3.471643739,3.438841953,3.455242846
23,9,mixed,ambient,12.1,purple,,,1,3.845448705,3.579072962,3.712260833
23,10,mixed,ambient,7.43,,,,1,2.493788702,2.502922614,2.498355658
23,11,mixed,ambient,23.95,red,,,1,4.239137748,4.005045468,4.122091608
23,12,mixed,ambient,13.36,,,,1,2.917605567,3.039172465,2.978389016
23,13,mixed,ambient,25.39,purple,,,1,4.756029313,4.751114464,4.753571889
23,14,mixed,ambient,7.21,,,,1,2.21132278,2.314517844,2.262920312
23,15,mixed,ambient,14.32,,,yes,1,3.213789108,3.258015563,3.235902335
23,16,mixed,ambient,13.36,,,,1,3.051625437,3.022141133,3.036883285
23,17,mixed,ambient,25.09,,,,1,3.793125882,4.002874307,3.898000095
23,18,mixed,ambient,9.3,,,,1,2.624103033,2.417712907,2.52090797
23,19,mixed,ambient,20.4,,,,1,3.319350261,3.740042091,3.529696176
24,1,formulated,ambient,24.84,light purple,,,1,3.88469718,4.301601118,4.093149149
24,2,formulated,ambient,17.66,,,,1,3.396177095,3.569598904,3.482888
24,3,formulated,ambient,16.77,purple,,,1,3.978405801,4.414959265,4.196682533
24,4,formulated,ambient,17.69,,,,1,3.854119801,3.99106373,3.922591765
24,5,formulated,ambient,20.83,,,,1,3.410628912,3.641857991,3.526243452
24,6,formulated,ambient,31.89,purple,,,1,4.899592396,5.3905279,5.145060148
24,7,formulated,ambient,21.08,red,,,1,3.844427913,4.075643122,3.960035517
24,8,formulated,ambient,15.87,,,,1,3.222755286,3.237207103,3.229981195
24,9,formulated,ambient,9.65,purple,,,1,3.107140747,3.323918008,3.215529377
24,10,formulated,ambient,19.51,,,,1,3.381725278,3.266110738,3.323918008
24,11,formulated,ambient,29.49,light purple,,,1,4.189164099,4.050229802,4.11969695
24,12,formulated,ambient,20.03,,,,1,3.310799086,3.433797134,3.37229811
24,13,formulated,ambient,9.79,,,,1,2.62443771,2.747451655,2.685944682
24,14,formulated,ambient,14.06,,,,1,3.185503153,3.40416233,3.294832741
24,15,formulated,ambient,14.17,,,,1,2.991526207,3.020429842,3.005978025
24,16,formulated,ambient,12.44,,,,1,2.86145985,2.97707439,2.91926712
24,17,formulated,ambient,11.45,purple,,,1,3.612954356,3.685213444,3.6490839
24,18,formulated,ambient,16.86,light purple,,,1,3.482888,3.396177095,3.439532547
24,19,formulated,ambient,11.64,,,,1,3.179473734,2.940909338,3.060191536
25,1,mixed,warm,6.49,purple,,,1,2.799124875,2.884686938,2.841905906
25,2,mixed,warm,23.81,,,,1,3.782189234,3.841082147,3.811635691
25,3,mixed,warm,22.27,,yes,,1,3.67372587,3.872631606,3.773178738
25,4,mixed,warm,27.09,light purple,,,1,4.029384394,4.043672991,4.036528693
25,5,mixed,warm,16.64,,,,1,3.132634397,3.124934488,3.128784443
25,6,mixed,warm,6.96,,,,1,2.336436871,2.350680515,2.343558693
25,7,mixed,warm,27.42,,,,1,3.963283132,3.999461038,3.981372085
25,8,mixed,warm,23.23,,,,1,3.315231675,3.4469001,3.381065887
25,9,mixed,warm,13.19,red,,,1,3.05091664,3.057968435,3.054442537
25,10,mixed,warm,7.79,,,,1,2.386195723,2.271886946,2.329041334
25,11,mixed,warm,9.76,,,,1,2.571947486,2.60052468,2.586236083
25,12,mixed,warm,17.35,light purple,,,1,3.226851188,3.143393947,3.185122567
25,13,mixed,warm,10.6,,,,1,2.60052468,2.657679068,2.629101874
25,14,mixed,warm,19.29,purple,,,1,4.040869839,4.200580248,4.120725043
25,15,mixed,warm,27.98,,yes,,1,3.84714342,3.754673862,3.800908641
25,16,mixed,warm,9.86,purple,,,1,3.234103311,3.291048879,3.262576095
25,17,mixed,warm,3.73,,,,1,1.671765866,1.80036324,1.736064553
25,18,mixed,warm,17.13,light purple,,,1,3.307617352,3.394105798,3.350861575
25,19,mixed,warm,29.24,light purple,,,1,4.329444934,4.515196697,4.422320815
26,1,formulated,warm,26.62,,,,1,3.885595707,3.939750351,3.912673029
26,2,formulated,warm,9.54,,,,1,2.640038895,2.721270861,2.680654878
26,3,formulated,warm,13.07,,,,1,2.951428098,2.97850542,2.964966759
26,4,formulated,warm,12.23,,,,1,2.911103339,2.863554823,2.887329081
26,5,formulated,warm,20.75,light purple,,,1,3.376023321,3.410540266,3.393281794
26,6,formulated,warm,21.93,,,,1,3.598763531,3.9396573,3.769210416
26,7,formulated,warm,20.33,purple,,,1,4.103018481,4.428156395,4.265587438
26,8,formulated,warm,13.35,orange,,,1,2.955276034,2.99794993,2.976612982
26,9,formulated,warm,9.09,,,,1,2.624196255,2.66680694,2.645501598
26,10,formulated,warm,27.6,purple,,,1,4.522095177,4.847143168,4.684619172
26,11,formulated,warm,21.1,,,,1,3.553737334,3.481015906,3.51737662
26,12,formulated,warm,16.35,,,,1,3.208662657,3.11389203,3.161277343
26,13,formulated,warm,23.73,,,,1,3.711519649,3.693350691,3.70243517
26,14,formulated,warm,11.72,,,,1,2.531729607,2.585884251,2.558806929
26,15,formulated,warm,22.24,,,,1,3.503453904,3.407925973,3.455689938
26,16,formulated,warm,21.64,,,,1,3.709593114,3.479435877,3.594514495
26,17,formulated,warm,13.76,purple,,,1,3.392778722,3.405101089,3.398939905
26,18,formulated,warm,26.94,,,,1,3.506513199,3.696054453,3.601283826
26,19,formulated,warm,22.5,red,,,1,4.433477392,4.440603414,4.437040403
27,1,ulva,ambient,13.73,,yes,,1,3.173661612,3.14454545,3.159103531
27,2,ulva,ambient,19.27,,,,1,3.377474743,3.31924242,3.348358582
27,3,ulva,ambient,20.37,,,,1,3.452353016,3.636286867,3.544319942
27,4,ulva,ambient,17.21,,,,1,3.513839421,3.347852175,3.430845798
27,5,ulva,ambient,2.89,,,,1,2.560246604,2.786009326,2.673127965
27,6,ulva,ambient,17.52,,,,1,3.275568178,3.377474743,3.32652146
27,7,ulva,ambient,19.33,purple,,,1,4.448607437,4.60939737,4.529002404
27,8,ulva,ambient,24.37,purple,,,1,4.381982318,4.323749994,4.352866156
27,9,ulva,ambient,25.16,light purple,,,1,4.561351292,4.423357318,4.492354305
27,10,ulva,ambient,16.09,,,,1,3.258214267,3.214699828,3.236457047
27,11,ulva,ambient,22.7,,,,1,3.566729793,3.726868682,3.646799238
27,12,ulva,ambient,22.75,,,,1,3.425977622,3.733062094,3.579519858
27,13,ulva,ambient,24.49,purple,,,1,4.889651702,4.832274175,4.860962939
27,14,ulva,ambient,18.8,,,,1,3.524138217,3.771554547,3.647846382
27,15,ulva,ambient,6.06,,,,1,2.256502522,2.21282828,2.234665401
27,16,ulva,ambient,19.32,,,,1,3.450756524,3.65480321,3.552779867
27,17,ulva,ambient,17.28,purple,,,1,4.313247578,4.280867955,4.297057767
27,18,ulva,ambient,13.53,,,,1,2.984406562,3.12998737,3.057196966
27,19,ulva,ambient,6.71,,,,1,2.416641411,2.489431815,2.453036613
28,1,ulva,ambient,34.99,,,,1,3.91414122,4.414718742,4.164429981
28,2,ulva,ambient,14.19,,,,1,2.995908988,3.024854969,3.010381979
28,3,ulva,ambient,17.45,purple,,,1,3.93763761,4.190599291,4.06411845
28,4,ulva,ambient,32.45,,,,1,4.100149869,4.071440213,4.085795041
28,5,ulva,ambient,6.19,,,,1,2.170948542,2.185421533,2.178185038
28,6,ulva,ambient,15.35,,,,1,3.140638891,2.938017027,3.039327959
28,7,ulva,ambient,21.19,purple,,,1,4.469471708,3.993457074,4.231464391
28,8,ulva,ambient,20.06,,,,1,3.569470457,3.54754367,3.558507064
28,9,ulva,ambient,15.34,,,,1,3.010381979,2.952490018,2.981435998
28,10,ulva,ambient,22.97,,,,1,3.473517668,3.690612522,3.582065095
28,11,ulva,ambient,6.76,,,,1,2.214367513,2.228840504,2.221604008
28,12,ulva,ambient,7.6,,,,1,2.445935358,2.416989377,2.431462367
28,13,ulva,ambient,25.37,red,,,1,4.586636536,4.890800111,4.738718323
28,14,ulva,ambient,20.13,light purple,,,1,3.661666541,3.734031493,3.697849017
28,15,ulva,ambient,16.27,,,,1,3.184057862,3.198530852,3.191294357
28,16,ulva,ambient,27.86,,,,1,3.864288405,4.298478114,4.08138326
28,17,ulva,ambient,14.56,orange,,,1,3.028462409,3.253728114,3.141095262
28,18,ulva,ambient,17.48,,,,1,3.272720429,3.170509951,3.22161519
28,19,ulva,ambient,10.71,purple,,,1,3.412588708,3.645958543,3.529273626
29,1,kelp,warm,5.58,,,,1,2.52293149,2.63949162,2.581211555
29,2,kelp,warm,8.96,,,,1,2.687894099,2.746447759,2.717170929
29,3,kelp,warm,21.71,,,,1,3.875097332,3.823517291,3.849307312
29,4,kelp,warm,16.41,,yes,,1,3.285891422,3.326756578,3.306324
29,5,kelp,warm,23.83,,,,1,4.069325331,3.748729098,3.909027215
29,6,kelp,warm,6.69,,yes,,1,2.352023584,2.477850754,2.414937169
29,7,kelp,warm,14.01,,yes,,1,3.214694071,3.426931632,3.320812851
29,8,kelp,warm,14.38,,,,1,3.798981702,3.634847755,3.716914728
29,9,kelp,warm,16.63,,,,1,4.20261912,3.819318354,4.010968737
29,10,kelp,warm,6.63,purple,yes,,1,2.891209176,2.815617505,2.853413341
29,11,kelp,warm,28.48,purple red,,,1,4.853344166,5.325499091,5.089421629
29,12,kelp,warm,16.88,,yes,,1,3.470672853,3.751177787,3.61092532
29,13,kelp,warm,20.95,,,,1,4.386485074,4.225504246,4.30599466
29,14,kelp,warm,20.67,red,,,1,4.553914144,4.705023084,4.629468614
29,15,kelp,warm,24.49,,,,1,4.741573762,5.121898159,4.93173596
29,16,kelp,warm,24.49,purple,,,1,5.064860851,5.023903304,5.044382078
29,17,kelp,warm,12.33,orange,,,1,4.002649575,3.912108942,3.957379258
29,18,kelp,warm,8.89,light purple,,,1,2.929513002,3.353881708,3.141697355
29,19,kelp,warm,9.15,,,,1,2.95407796,2.993964189,2.974021075
30,1,formulated,warm,23.43,,,,1,3.66866798,3.822110367,3.745389174
30,2,formulated,warm,16.83,,,,1,3.217561405,3.217561405,3.217561405
30,3,formulated,warm,11.47,purple,,,1,3.449916537,3.526948098,3.488432318
30,4,formulated,warm,15.12,,,,1,3.054898432,3.236239435,3.145568933
30,5,formulated,warm,12.31,,,,1,2.700956694,2.78036862,2.740662657
30,6,formulated,warm,12.31,red,,,1,2.929354661,3.319935282,3.124644972
30,7,formulated,warm,28.8,,,,1,3.786845315,3.772920345,3.77988283
30,8,formulated,warm,18.24,,,,1,3.278087359,3.236239435,3.257163397
30,9,formulated,warm,17.8,,,,1,3.257155929,3.316299438,3.286727684
30,10,formulated,warm,16.33,,,,1,3.108043852,3.127764883,3.117904368
30,11,formulated,warm,23.58,,,,1,3.25093701,3.334614077,3.292775543
30,12,formulated,warm,27.5,purple,,,1,4.831618218,4.621959565,4.726788892
30,13,formulated,warm,25.78,purple,,,1,4.39969663,4.469354771,4.434525701
30,14,formulated,warm,27.99,light purple,,,1,3.866230051,3.956621049,3.91142555
30,15,formulated,warm,18.93,,,,1,3.264138051,3.13859428,3.201366165
30,16,formulated,warm,8.53,,yes,,1,2.413230268,2.4690275,2.441128884
30,17,formulated,warm,27.54,,,,1,3.694355101,4.161969517,3.928162309
30,18,formulated,warm,22.23,,,,1,3.279964042,3.359416489,3.319690266
30,19,formulated,warm,15.64,,,,1,2.929354661,3.013050508,2.971202585
31,1,mixed,ambient,20.27,red,,,1,4.285234478,4.248081601,4.266658039
31,2,mixed,ambient,18.19,,,,1,3.433679644,3.375234033,3.404456839
31,3,mixed,ambient,20.87,purple red,,,1,4.485700642,4.222695392,4.354198017
31,4,mixed,ambient,8.83,,,,1,2.630052493,2.87844634,2.754249417
31,5,mixed,ambient,11.42,,,,1,2.87844634,2.820000729,2.849223535
31,6,mixed,ambient,17.06,,,,1,3.170674395,3.433679644,3.30217702
31,7,mixed,ambient,8.85,,yes,,1,2.790777924,2.703109507,2.746943715
31,8,mixed,ambient,10.43,,,,1,2.71772091,2.820000729,2.768860819
31,9,mixed,ambient,10.09,,,,1,2.726681154,2.712078665,2.719379909
31,10,mixed,ambient,19.01,,,,1,3.565182269,3.492125255,3.528653762
31,11,mixed,ambient,15.03,purple,,,1,3.95936663,3.754306035,3.856836333
31,12,mixed,ambient,6.32,,,,1,2.308601633,2.29399023,2.301295932
31,13,mixed,ambient,19.39,,,,1,3.828187518,3.652850685,3.740519102
31,14,mixed,ambient,10.89,,,,1,2.907669146,2.922280548,2.914974847
31,15,mixed,ambient,26.35,,,,1,4.2665296,4.047358559,4.15694408
31,16,mixed,ambient,22.25,,,,1,3.769741907,3.901244532,3.83549322
31,17,mixed,ambient,16.37,,,,1,3.287565617,3.433679644,3.36062263
31,18,mixed,ambient,18.26,purple,,,1,4.748981252,4.376334652,4.562657952
31,19,mixed,ambient,20.23,,,,1,3.535151819,3.512705511,3.523928665
32,1,kelp,ambient,30.65,,,,1,4.265181152,4.723655712,4.494418432
32,2,kelp,ambient,24.98,orange,,,1,4.400546622,4.252591498,4.32656906
32,3,kelp,ambient,19.23,,,,1,3.345074034,3.387745763,3.366409898
32,4,kelp,ambient,27.59,,,,1,3.82776344,4.047536998,3.937650219
32,5,kelp,ambient,24.97,purple,,,1,4.635311589,4.732285504,4.683798546
32,6,kelp,ambient,22.64,purple,,,1,4.565988182,4.357920051,4.461954116
32,7,kelp,ambient,4.17,,yes,,1,1.819801796,1.850616359,1.835209078
32,8,kelp,ambient,11.65,,yes,,1,2.718945461,2.835263983,2.777104722
32,9,kelp,ambient,31.09,,,,1,4.2183322,4.326694562,4.272513381
32,10,kelp,ambient,12.25,,,,1,2.777104722,2.762564907,2.769834814
32,11,kelp,ambient,25.97,,,,1,4.036736922,3.901692452,3.969214687
32,12,kelp,ambient,18.49,purple,,,1,4.222164338,4.728307919,4.475236129
32,13,kelp,ambient,21.42,light purple,,,1,4.152205702,4.258006694,4.205106198
32,14,kelp,ambient,12.73,,,,1,3.038821398,3.053361213,3.046091305
32,15,kelp,ambient,16.75,,,,1,3.40231678,3.591334379,3.496825579
32,16,kelp,ambient,18.63,,,,1,3.387535146,3.488775584,3.438155365
32,17,kelp,ambient,7.84,,,,1,2.457228786,2.617166754,2.53719777
32,18,kelp,ambient,25.19,purple,,,1,4.667280711,5.190714062,4.928997386
32,19,kelp,ambient,5.13,,yes,,1,2.180972295,2.16643248,2.173702387
